Workbook

Sheet Staff Dashboard

Sheet Team Dashboard

Sheet Data
B2: All Sprint Details
B3: Sprint Name | C3: Check Now 26.17 | D3: Manual
B4: Date From | C4: 46047 | D4: Manual
B5: Date To | C5: 46058 | D5: Manual
B6: Product | C6: Check Now | D6: Manual
B7: Escaped Bugs | C7: 0 | D7: Manual
B8: MidSprint_Addition | C8: 2 | D8: All Team data with tag MidSprint_Addition
B9: Ad-hoc | C9: 10 | D9: All Team data with Ad-hoc
B10: Planned SP | C10: 57 | D10: Manual
B11: Actual SP | C11: 102 | D11: Manual
B12: Estimated Development Effort | C12: 569 | D12: Sum all work item type "Original Estimate" in the activity development, frontend, and design from All Sprint data
B13: Total Actual Development Effort | C13: 776.46 | D13: Sum all work item type "Completed Work "in the activity development, frontend, and design from All Sprint data
B14: Estimated Testing Effort | C14: 97 | D14: Sum all work item type"Original Estimate" in the activity Testing from All Sprint data
B15: Total Actual Testing Effort | C15: 99.5 | D15: Sum all work item type "Original Estimate" in the activity Testing from All Sprint data
B16: Bug Fixing Actual Effort | C16: 2 | D16: Sum all work item type "Completed Work " with tag "Bug Fixing Actual Effort"
B17: Sum of Actual Hours | C17: 875.96 | D17: Sum all work item typeCompleted Work " in the activity all
B18: Sum of Working Hours | C18: 680 | D18: Sum Remaining Capacity from Team Capacity
B20: All Sprint Data | U20: Team Capacity
B21: EPIC | C21: Parent | D21: Work Item Type | E21: Title | F21: Story Points | G21: State | H21: Assigned To | I21: Original Estimate | J21: Completed Work | K21: Remaining Work | L21: Priority | M21: Severity | N21: Phase | O21: Dev delivery date | P21: QC Delivery date | Q21: Tags | R21: Task Category | S21: Activity | U21: Team member | V21: Team | W21: Total Expected Working Hours per Sprint | X21: Total official vacation | Y21: Total personal Days Off | Z21: Remaining Capacity | AB21: Team | AC21: Now
C22: 260177 | D22: Task | E22: Breadcrumb inputs/outputs | G22: Done | H22: Enas Diab <ediab@youxel.com> | I22: 3 | J22: 6 | K22: 0 | L22: 2 | R22: Development | S22: Front End | U22: Ahmed Talaat <atalaat@youxel.com> | V22: Development | W22: =7*10 -> 70 | X22: 0 | Y22: 1 | Z22: =7*9 -> 63 | AB22: Design | AC22: =SUMIF(V22:V32,V31,Z22:Z32) -> 203
C23: 260177 | D23: Task | E23: BreadCrumb-menu | G23: Done | H23: Enas Diab <ediab@youxel.com> | I23: 5 | J23: 4 | K23: 1 | L23: 2 | R23: Development | S23: Front End | U23: Alaa Ezzat <aezzat@youxel.com> | V23: Frontend | W23: =7*10 -> 70 | X23: 0 | Y23: 1 | Z23: =7*9 -> 63 | AB23: Development | AC23: =SUMIF(V22:V32,V27,Z22:Z32) -> 189
C24: 251892 | D24: Task | E24: Create Lottie Component Structure & inputs | G24: Done | H24: Hussein Abdallah <habdallah@youxel.com> | I24: 2 | J24: 2 | K24: 0 | L24: 2 | Q24: MidSprint_Addition | R24: Development | S24: Front End | U24: Enas Diab <ediab@youxel.com> | V24: Frontend | W24: =4*10 -> 40 | X24: 0 | Y24: 1 | Z24: =4*9 -> 36 | AB24: Front End | AC24: =SUMIF(V22:V32,V26,Z22:Z32) -> 218
C25: 251892 | D25: Task | E25: UI: Lottie Color | G25: Done | H25: Shimaa Mohamed Elsayed <shhadad@youxel.com> | I25: 4 | J25: 13.67 | K25: 0 | L25: 2 | R25: Design | S25: Design | U25: Galal Torkey <gtorkey@youxel.com> | V25: Testing | W25: =7*10 -> 70 | X25: 0 | Y25: 0 | Z25: =7*10 -> 70 | AB25: Testing | AC25: =SUMIF(V22:V32,V25,Z22:Z32) -> 70
C26: 233816 | D26: Task | E26: UI:: Toggle Button | G26: Done | H26: Shimaa Mohamed Elsayed <shhadad@youxel.com> | I26: 4 | J26: 2.5 | K26: 0 | L26: 2 | R26: Design | S26: Design | U26: Hussein Abdallah <habdallah@youxel.com> | V26: Frontend | W26: =7*10 -> 70 | X26: 0 | Y26: 0 | Z26: =7*10 -> 70 | AB26: IOS Dev | AC26: =SUMIF(V22:V32,#REF!,Z22:Z32) -> 0
C27: 233934 | D27: Task | E27: FE :: Edit in galleria component in UI kit | G27: Done | H27: Hussein Abdallah <habdallah@youxel.com> | I27: 3 | J27: 3 | K27: 0 | L27: 2 | R27: Development | S27: Front End | U27: Mahmoud Adel Ali <madeel@youxel.com> | V27: Development | W27: =7*10 -> 70 | X27: 0 | Y27: 2 | Z27: =7*8 -> 56 | AB27: Andriod Dev | AC27: =SUMIF(V22:V32,#REF!,Z22:Z32) -> 0
C28: 255495 | D28: Task | E28: FE:: Add action menu column to table | G28: Done | H28: Hussein Abdallah <habdallah@youxel.com> | I28: 4 | J28: 4 | K28: 0 | L28: 2 | R28: Development | S28: Front End | U28: Mahmoud Ibrahim Elfeqy <mfeqy@youxel.com> | V28: Development | W28: =7*10 -> 70 | X28: 0 | Y28: 0 | Z28: =7*10 -> 70 | AB28: Total | AC28: =SUM(AC22:AC27) -> 680
C29: 255495 | D29: Task | E29: Design :: Unify status and tag components | G29: Active | H29: Mariam Mohamed Saeed <msaeed@youxel.com> | I29: 5 | J29: 4.4 | K29: 0.6 | L29: 2 | R29: Design | S29: Design | U29: Mariam Mohamed Saeed <msaeed@youxel.com> | V29: Design | W29: =7*10 -> 70 | X29: 0 | Y29: 0 | Z29: =7*10 -> 70
C30: 250832 | D30: Task | E30: UI:: Contextual Button Component | G30: Ready For Review | H30: Shimaa Mohamed Elsayed <shhadad@youxel.com> | I30: 5 | J30: 5 | K30: 0 | L30: 2 | R30: Design | S30: Design | U30: Mohamed Mustafa Farrag <mfarrag@youxel.com> | V30: Frontend | W30: =7*10 -> 70 | X30: 0 | Y30: 3 | Z30: =7*7 -> 49
C31: 250832 | D31: Task | E31: Design system: date and time documentation | G31: Done | H31: Mariam Mohamed Saeed <msaeed@youxel.com> | I31: 3 | J31: 7.67 | K31: 0 | L31: 2 | R31: Design | S31: Design | U31: Salma Sameh <ssameh@youxel.com> | V31: Design | W31: =7*10 -> 70 | X31: 0 | Y31: 0 | Z31: =7*10 -> 70
C32: 250832 | D32: Task | E32: design systems: create date and time component | G32: Done | H32: Mariam Mohamed Saeed <msaeed@youxel.com> | I32: 5 | J32: 16.34 | K32: 0 | L32: 2 | R32: Design | S32: Design | U32: Shimaa Mohamed Elsayed <shhadad@youxel.com> | V32: Design | W32: =7*10 -> 70 | X32: 0 | Y32: 1 | Z32: =7*9 -> 63
C33: 250832 | D33: Task | E33: UI:: DropDown/Checkboxes/Radio:: Add other option & Input | G33: Done | H33: Mariam Mohamed Saeed <msaeed@youxel.com> | I33: 3 | J33: 3.5 | K33: 0 | L33: 2 | R33: Design | S33: Design | U33: Total | Z33: =SUM(Z22:Z32) -> 680
C34: 250832 | D34: Task | E34: Design system: typography | G34: Done | H34: Mariam Mohamed Saeed <msaeed@youxel.com> | I34: 2 | J34: 14.5 | K34: 0 | L34: 2 | R34: Design | S34: Design
C35: 250832 | D35: Task | E35: UI:: Text Area:: Rich text editor | G35: Done | H35: Mariam Mohamed Saeed <msaeed@youxel.com> | I35: 3 | J35: 3.92 | K35: 0 | L35: 2 | R35: Design | S35: Design
C36: 250832 | D36: Task | E36: Design system: Side Menu Documentation and add new variants | G36: Done | H36: Mariam Mohamed Saeed <msaeed@youxel.com> | I36: 6 | J36: 7.07 | K36: 0 | L36: 2 | R36: Design | S36: Design
C37: 250832 | D37: Task | E37: UI:: Tree Select:: Documentation | G37: Done | H37: Mariam Mohamed Saeed <msaeed@youxel.com> | I37: 4 | J37: 6 | K37: 0 | L37: 2 | R37: Documentation | S37: Design
C38: 250832 | D38: Task | E38: UI:: Tree Select:: Build Component | G38: Done | H38: Mariam Mohamed Saeed <msaeed@youxel.com> | I38: 5 | J38: 10.5 | K38: 0 | L38: 2 | R38: Design | S38: Design
C39: 250832 | D39: Task | E39: UI:: Split button- Documentation | G39: Done | H39: Mariam Mohamed Saeed <msaeed@youxel.com> | I39: 3 | J39: 4.5 | K39: 0 | L39: 2 | R39: Documentation | S39: Design
C40: 250832 | D40: Task | E40: UI:: Split button- Create Components | G40: Ready For Review | H40: Mariam Mohamed Saeed <msaeed@youxel.com> | I40: 7 | J40: 17 | K40: 0 | L40: 2 | R40: Design | S40: Design
C41: 250832 | D41: Task | E41: UX:: Documentation Tabs / Tab Category | G41: Done | H41: Mariam Mohamed Saeed <msaeed@youxel.com> | I41: 4 | J41: 2 | K41: 2 | L41: 2 | R41: Documentation | S41: Design
C42: 250832 | D42: Task | E42: UI:: Tabs Variants>> Survey | G42: Done | H42: Mariam Mohamed Saeed <msaeed@youxel.com> | I42: 3 | J42: 1.5 | K42: 1.5 | L42: 2 | R42: Design | S42: Design
C43: 250832 | D43: Task | E43: Design system: pagination documentation | G43: Ready For Review | H43: Mariam Mohamed Saeed <msaeed@youxel.com> | I43: 2 | J43: 1.85 | K43: 0.15 | L43: 2 | R43: Design | S43: Design
C44: 250832 | D44: Task | E44: Design system: spaces | G44: New | H44: Mariam Mohamed Saeed <msaeed@youxel.com> | I44: 1 | J44: 0 | K44: 1 | L44: 2 | R44: Design | S44: Design
C45: 250832 | D45: Task | E45: Design system: recall text colors from semantics | G45: New | H45: Mariam Mohamed Saeed <msaeed@youxel.com> | I45: 1 | J45: 0 | K45: 1 | L45: 2 | R45: Design | S45: Design
... C54: 250832 | D54: Task | E54: UX:: Documentation:: Difference between Contextual Button / Link | G54: Ready For Review | H54: Shimaa Mohamed Elsayed <shhadad@youxel.com> | I54: 3 | J54: 4.25 | K54: 0 | L54: 2 | R54: Documentation | S54: Design
C55: 242628 | D55: Bug | E55: Typing indicator appears immediately upon opening a conversation without typing | G55: Closed | H55: Galal Torkey <gtorkey@youxel.com> | I55: 0 | J55: 0.5 | K55: 0 | L55: 3 | M55: 2 - High | S55: Front End
C56: 242628 | D56: Bug | E56: Typing indicator is triggered when focusing and unfocusing the input field without typing | G56: Closed | H56: Galal Torkey <gtorkey@youxel.com> | I56: 0 | J56: 0 | K56: 0 | L56: 3 | M56: 2 - High | S56: Front End
C57: 242628 | D57: Bug | E57: Typing indicator is displayed to the receiver after the sender successfully sends image attachments, even though no text input or typing action occurs. | G57: Closed | H57: Galal Torkey <gtorkey@youxel.com> | I57: 0 | J57: 0 | K57: 0 | L57: 3 | M57: 2 - High | S57: Front End
C58: 242628 | D58: Bug | E58: New Messages Indicator does not appear when a new message is received in Full Screen Chat | G58: Closed | H58: Galal Torkey <gtorkey@youxel.com> | I58: 0 | J58: 0 | K58: 0 | L58: 3 | M58: 4 - Low | S58: Front End
C59: 242628 | D59: Task | E59: FE:: Seen Message Logic | G59: Done | H59: Enas Diab <ediab@youxel.com> | I59: 4 | J59: 4 | K59: 0 | L59: 2 | Q59: Next Sprint | R59: Development | S59: Front End
C60: 242628 | D60: Task | E60: FE:: Scroll to bottom and "New Messages" Button Cycle | G60: Done | H60: Alaa Ezzat <aezzat@youxel.com> | I60: 4 | J60: 4 | K60: 0 | L60: 2 | Q60: Ad-hoc | R60: Development | S60: Front End
C61: 242628 | D61: Task | E61: QC:: Automate Test Cases | G61: Done | H61: Galal Torkey <gtorkey@youxel.com> | I61: 14 | J61: 15 | K61: 0 | L61: 2 | R61: Test Automation | S61: Testing
C62: 247747 | D62: Task | E62: UI:: Message Types Enhancement | G62: Done | H62: Shimaa Mohamed Elsayed <shhadad@youxel.com> | I62: 2 | J62: 1.5 | K62: 0 | L62: 2 | Q62: Ad-hoc | R62: Design | S62: Design
C63: 247747 | D63: Bug | E63: Conversation list does not show latest conversations after login until page refresh | G63: New | H63: Mohamed Mustafa Farrag <mfarrag@youxel.com> | I63: 0 | J63: 0 | K63: 0.5 | L63: 2 | M63: 2 - High | S63: Front End
C64: 247748 | D64: Task | E64: QC:: Automate Test Cases | G64: Done | H64: Galal Torkey <gtorkey@youxel.com> | I64: 14 | J64: 15 | K64: 0 | L64: 2 | R64: Test Automation | S64: Testing
C65: 247748 | D65: Bug | E65: Search does not return user when typing the full exact name while creating a new conversation | G65: Resolved | H65: Galal Torkey <gtorkey@youxel.com> | I65: 0 | J65: 2 | K65: 0 | L65: 2 | M65: 2 - High | S65: Development
C66: 244767 | D66: Task | E66: FE:: Jump to Message integration | G66: Done | H66: Alaa Ezzat <aezzat@youxel.com> | I66: 4 | J66: 4 | K66: 0 | L66: 2 | R66: Development | S66: Front End
C67: 244767 | D67: Task | E67: FE:: Fetch Messages while Scrolling Up/Down | G67: Done | H67: Alaa Ezzat <aezzat@youxel.com> | I67: 5 | J67: 5 | K67: 0 | L67: 2 | R67: Development | S67: Front End
C68: 244767 | D68: Task | E68: FE:: Handle Socket Updates in Anchor Mode | G68: Done | H68: Alaa Ezzat <aezzat@youxel.com> | I68: 2 | J68: 3 | K68: 0 | L68: 2 | R68: Development | S68: Front End
C69: 244767 | D69: Task | E69: FE:: Start Point for anchor Mode | G69: Done | H69: Alaa Ezzat <aezzat@youxel.com> | I69: 3 | J69: 3 | K69: 0 | L69: 2 | R69: Development | S69: Front End
C70: 244767 | D70: Task | E70: FE:: Verify common properties (notes) with anchor mode | G70: Ready For Review | H70: Alaa Ezzat <aezzat@youxel.com> | I70: 4 | J70: 3 | K70: 1 | L70: 2 | R70: Development | S70: Front End
C71: 244767 | D71: Task | E71: FE:: Exit Anchor Mode When Sending Message to see pending messages | G71: Done | H71: Alaa Ezzat <aezzat@youxel.com> | I71: 2 | J71: 5 | K71: 0 | L71: 2 | R71: Development | S71: Front End
C72: 244767 | D72: Task | E72: FE:: Update Has More Flags | G72: Done | H72: Alaa Ezzat <aezzat@youxel.com> | I72: 4 | J72: 4 | K72: 0 | L72: 2 | Q72: Ad-hoc | R72: Development | S72: Front End
C73: 244767 | D73: Task | E73: FE:: Anchor Mode Investigation | G73: Done | H73: Alaa Ezzat <aezzat@youxel.com> | I73: 0 | J73: 20.5 | K73: 0 | L73: 2 | R73: Development | S73: Front End
C74: 244764 | D74: Bug | E74: Undo option disappears after switching to another conversation | G74: On Hold | H74: Alaa Ezzat <aezzat@youxel.com> | I74: 0 | J74: 0 | K74: 0 | L74: 3 | M74: 2 - High | S74: Front End
C75: 244764 | D75: Task | E75: FE:: Add Undo Text button type | G75: Done | H75: Alaa Ezzat <aezzat@youxel.com> | I75: 0.5 | J75: 0.5 | K75: 0 | L75: 2 | R75: Development | S75: Front End
C76: 244770 | D76: Bug | E76: Unread marker is displayed above a deleted message when marking the following message as unread | G76: Closed | H76: Galal Torkey <gtorkey@youxel.com> | I76: 0 | J76: 2 | K76: 0 | L76: 3 | M76: 2 - High | S76: Development
C77: 244770 | D77: Task | E77: Fix::. Unread marker is displayed above a deleted message when marking the following message as unread | G77: Done | H77: Mahmoud Ibrahim Elfeqy <mfeqy@youxel.com> | I77: 2 | J77: 2 | K77: 0 | L77: 2 | Q77: Bug Fixing Actual Effort | R77: Development | S77: Development
C78: 242629 | D78: Task | E78: UX:: Limitations for Files Uploaded/ Voice Messages | G78: Ready For Review | H78: Shimaa Mohamed Elsayed <shhadad@youxel.com> | I78: 2 | J78: 2 | K78: 0 | L78: 2 | R78: Design | S78: Design
C79: 242629 | D79: Task | E79: UI: Error: on image | G79: Ready For Review | H79: Shimaa Mohamed Elsayed <shhadad@youxel.com> | I79: 2 | J79: 2 | K79: 0 | L79: 2 | R79: Design | S79: Design
C80: 242629 | D80: Task | E80: UI UX :: handle error case when open image first time | G80: Ready For Review | H80: Shimaa Mohamed Elsayed <shhadad@youxel.com> | I80: 2 | J80: 0.25 | K80: 1.75 | L80: 2 | R80: Design | S80: Design
C81: 242629 | D81: Task | E81: UI/UX:: Show Case Multiple Files in Message Bubble | G81: Done | H81: Shimaa Mohamed Elsayed <shhadad@youxel.com> | I81: 2 | J81: 1 | K81: 0 | L81: 2 | R81: Design | S81: Design
C82: 244768 | D82: Task | E82: UI/UX: Create popup for Access Denied when try to go to message | G82: Done | H82: Shimaa Mohamed Elsayed <shhadad@youxel.com> | I82: 2 | J82: 1 | K82: 0 | L82: 2 | R82: Design | S82: Design
C83: 244768 | D83: Task | E83: FE:: Create Forward Popup UI | G83: Ready For Review | H83: Alaa Ezzat <aezzat@youxel.com> | I83: 7 | J83: 6 | K83: 1 | L83: 2 | R83: Development | S83: Front End
C84: 244768 | D84: Task | E84: FE:: Forward Message Integration | G84: In Development | H84: Alaa Ezzat <aezzat@youxel.com> | I84: 4 | J84: 5 | K84: 1 | L84: 2 | R84: Development | S84: Front End
C85: 244768 | D85: Task | E85: FE:: Use Forward-message-box in input-message and message-box | G85: In Development | H85: Alaa Ezzat <aezzat@youxel.com> | I85: 3 | J85: 0 | K85: 3 | L85: 2 | R85: Development | S85: Front End
C86: 244768 | D86: Task | E86: FE:: Update Input-message with Forward Mode | G86: Ready For Review | H86: Alaa Ezzat <aezzat@youxel.com> | I86: 2 | J86: 1 | K86: 1 | L86: 2 | R86: Development | S86: Front End
C87: 244768 | D87: Task | E87: FE:: Jump to Forwarded Message | G87: In Development | H87: Alaa Ezzat <aezzat@youxel.com> | I87: 3 | J87: 2 | K87: 1 | L87: 2 | R87: Development | S87: Front End
C88: 244768 | D88: Task | E88: FE:: Create popup for Access Denied when try to go to message | G88: In Development | H88: Alaa Ezzat <aezzat@youxel.com> | I88: 4 | J88: 3 | K88: 1 | L88: 2 | R88: Development | S88: Front End
C89: 244768 | D89: Task | E89: FE :: Use content display component in replay and forward component | G89: Done | H89: Alaa Ezzat <aezzat@youxel.com> | I89: 2 | J89: 2 | K89: 0 | L89: 2 | R89: Development | S89: Front End
C90: 244768 | D90: Task | E90: FE:: Create Reusable Component select-users | G90: Done | H90: Alaa Ezzat <aezzat@youxel.com> | I90: 3 | J90: 3 | K90: 0 | L90: 2 | Q90: Ad-hoc | R90: Development | S90: Front End
C91: 244772 | D91: Task | E91: FE:: Go To selected Message | G91: Done | H91: Mohamed Mustafa Farrag <mfarrag@youxel.com> | I91: 2 | J91: 2 | K91: 0 | L91: 2 | R91: Development | S91: Front End
C92: 244772 | D92: Task | E92: FE:: Update Message Box UI for the selected searched Message | G92: Done | H92: Mohamed Mustafa Farrag <mfarrag@youxel.com> | I92: 2 | J92: 2 | K92: 0 | L92: 2 | R92: Development | S92: Front End
C93: 244756 | D93: Task | E93: FE :: Add edit group name popups | G93: Done | H93: Mohamed Mustafa Farrag <mfarrag@youxel.com> | I93: 4 | J93: 4 | K93: 0 | L93: 2 | R93: Development | S93: Front End
C94: 244756 | D94: Task | E94: FE :: Integrate with api to change group name | G94: Done | H94: Mohamed Mustafa Farrag <mfarrag@youxel.com> | I94: 4 | J94: 4 | K94: 0 | L94: 2 | R94: Development | S94: Front End
C95: 244756 | D95: Task | E95: FE:: Update Caching after changing group name | G95: Done | H95: Mohamed Mustafa Farrag <mfarrag@youxel.com> | I95: 4 | J95: 4 | K95: 0 | L95: 2 | R95: Development | S95: Front End
C96: 244761 | D96: Task | E96: FE:: Voice Recorder Component Logic | G96: Done | H96: Mohamed Mustafa Farrag <mfarrag@youxel.com> | I96: 7 | J96: 7 | K96: 0 | L96: 2 | Q96: Communication Module (Messages) | R96: Development | S96: Front End
C97: 244761 | D97: Task | E97: FE:: Get voice from storage and show it in message box | G97: Ready For Review | H97: Mohamed Mustafa Farrag <mfarrag@youxel.com> | I97: 6 | J97: 0 | K97: 6 | L97: 2 | Q97: Communication Module (Messages) | R97: Development | S97: Front End
C98: 244761 | D98: Task | E98: FE :: Indicate users when someone is recording | G98: Done | H98: Mohamed Mustafa Farrag <mfarrag@youxel.com> | I98: 3 | J98: 3 | K98: 0 | L98: 2 | R98: Development | S98: Front End
C99: 244761 | D99: Task | E99: BE :: Update Messages to Support Sending Voice Records | G99: Done | H99: Mahmoud Ibrahim Elfeqy <mfeqy@youxel.com> | I99: 8 | J99: 8 | K99: 0 | L99: 2 | Q99: Communication Module (Messages) | R99: Development | S99: Development
C100: 244761 | D100: Task | E100: BE :: Searching for the possibility of implementation FFmpeg | G100: Done | H100: Mahmoud Ibrahim Elfeqy <mfeqy@youxel.com> | I100: 6 | J100: 6 | K100: 0 | L100: 2 | R100: Development | S100: Development
C101: 244761 | D101: Task | E101: BE :: Add Essential Ffmpeg binaries | G101: Done | H101: Mahmoud Ibrahim Elfeqy <mfeqy@youxel.com> | I101: 10 | J101: 10 | K101: 0 | L101: 2 | Q101: Ad-hoc | R101: Development | S101: Development
C102: 244757 | D102: Task | E102: FE:: Change Group image Integration | G102: Ready For Review | H102: Mohamed Mustafa Farrag <mfarrag@youxel.com> | I102: 5 | J102: 5 | K102: 0 | L102: 2 | R102: Development | S102: Front End
C103: 244757 | D103: Task | E103: FE:: Update Cashing after change group image | G103: New | H103: Mohamed Mustafa Farrag <mfarrag@youxel.com> | I103: 2 | J103: 0 | K103: 2 | L103: 2 | R103: Development | S103: Front End
C104: 244758 | D104: Task | E104: FE:: Remove Group Image integration | G104: New | H104: Mohamed Mustafa Farrag <mfarrag@youxel.com> | I104: 4 | J104: 0 | K104: 4 | L104: 2 | R104: Development | S104: Front End
C105: 244758 | D105: Task | E105: FE:: Update Caching after remove group image | G105: New | H105: Mohamed Mustafa Farrag <mfarrag@youxel.com> | I105: 2 | J105: 0 | K105: 2 | L105: 2 | R105: Development | S105: Front End
C106: 244758 | D106: Task | E106: FE:: Remove Popup UI | G106: New | H106: Mohamed Mustafa Farrag <mfarrag@youxel.com> | I106: 4 | J106: 0 | K106: 4 | L106: 2 | R106: Development | S106: Front End
C107: 263534 | D107: Task | E107: Analyze Requirements & Videos | G107: Done | H107: Galal Torkey <gtorkey@youxel.com> | I107: 7 | J107: 10 | K107: 0 | L107: 2 | R107: Gather Requirements | S107: Business
C108: 263534 | D108: Task | E108: Reviewing CheckNow System (new) | G108: Done | H108: Galal Torkey <gtorkey@youxel.com> | I108: 7 | J108: 7 | K108: 0 | L108: 2 | R108: Review | S108: Business
C109: 263534 | D109: Task | E109: QC:: Analyze Requirements & Identify Business Gaps | G109: Done | H109: Galal Torkey <gtorkey@youxel.com> | I109: 7 | J109: 7 | K109: 0 | L109: 2 | R109: Documentation | S109: Testing
C110: 263834 | D110: Task | E110: FE:: add organization identifier input field with custom validations | G110: Done | H110: Hussein Abdallah <habdallah@youxel.com> | I110: 3 | J110: 6.5 | K110: 0 | L110: 2 | R110: Development | S110: Front End
...

Sheet Analysis
B2: CMMI Measures
B3: Measure | C3: Description | D3: Calculation | E3: Frequency | F3: Analysis
B4: Completion rate | C4: Measures the difference between the actual done story points VS. the Planned story points | D4: Actual SP / Planned SP | E4: Sprint | F4: +90%
B5: Effort estimation accuracy percentage | C5: Total Planned Development hours / Total Actual Development Hours | D5: Sum Total Planned hours/Total Actual Dev. Effort) | E5: Sprint | F5: 90% - till 120%
B6: Project Rework Rate | C6: Project Calculate man hours used in fixing the bugs returned from testing compared to the total actual dev. hours. | D6: Bug Fixing Actual Effort /Total Actual Dev. Effort) *100 | E6: Sprint | F6: 0% – 10%
B7: Escaped Bugs | C7: defects that bypass one or more testing or quality assurance stages and are later post released | D7: Number of bypass one or more testing or quality assurance stages | E7: Sprint / release | F7: 2% -15%
B8: Utilization | C8: This measure is related to the Actual effort VS. working hours | D8: (Sum of Actual hours / Sum working hours) *100 | E8: Sprint | F8: (90%-100%
B9: Effort Variance | C9: Calculate the variance of the estimated dev. Hours compared to the total actual dev. hours. | D9: ((Total Actual Dev. Effort - Estimated Dev. Effort)/ Estimated Dev. Effort )*100 | E9: Sprint | F9: 5 – 10%
B11: Measure | C11: Description | D11: Formula | E11: Value | F11: Target Range | G11: Status
B12: Completion Rate | C12: Measures the difference between the actual done story points vs. the planned story points | F12: ≥ 90%
B13: Effort Estimation Accuracy % (Dev) | C13: Planned development hours vs. actual development hours | F13: 90% – 120%
B14: Project Rework Rate | C14: Bug fixing effort compared to total actual development effort | F14: 0% – 10%
B15: Escaped Bugs | C15: Defects found after release | F15: 2% – 15%
B16: Utilization | C16: Actual effort vs. available working hours | F16: 90% – 100%
B17: Effort Variance (Dev) | C17: Variance between estimated and actual development effort | F17: 5% – 10%
B19: Row Labels | C19: Sum of Original Estimate | D19: Sum of Completed Work | E19: Sum of Remaining Work
B20: Ahmed Talaat <atalaat@youxel.com> | C20: 26 | D20: 63 | E20: 10 | F20: from data table per name
B21: Alaa Ezzat <aezzat@youxel.com> | C21: 56.5 | D21: 90 | E21: 9
B22: Enas Diab <ediab@youxel.com> | C22: 12 | D22: 14 | E22: 1
B23: Galal Torkey <gtorkey@youxel.com> | C23: 97 | D23: 99.5 | E23: 7
B24: Hussein Abdallah <habdallah@youxel.com> | C24: 48 | D24: 77 | E24: 0.5
B25: Mahmoud Adel Ali <madeel@youxel.com> | C25: 94 | D25: 104 | E25: 0
B26: Mahmoud Ibrahim Elfeqy <mfeqy@youxel.com> | C26: 64 | D26: 85 | E26: 0
B27: Mariam Mohamed Saeed <msaeed@youxel.com> | C27: 64 | D27: 111.83 | E27: 9.25
B28: Mohamed Mustafa Farrag <mfarrag@youxel.com> | C28: 49 | D28: 31 | E28: 18.5
B29: Salma Sameh <ssameh@youxel.com> | C29: 89 | D29: 109.92 | E29: 6.5
B30: Shimaa Mohamed Elsayed <shhadad@youxel.com> | C30: 66.5 | D30: 90.71 | E30: 3.75
B31: Grand Total | C31: =SUM(C20:C30) -> 666 | D31: =SUM(D20:D30) -> 875.96 | E31: =SUM(E20:E30) -> 65.5

Sheet Kpi Indicators Per Staff
B2: Kpi Indicators Per Staff
B3: Team Member | C3: Check Now 25.9 | D3: Check Now 25.10 | E3: Check Now 25.11 | F3: Check Now 25.12 | G3: Check Now 25.13 | H3: Check Now 25.14 | I3: Check Now 26.15 | J3: Check Now 26.16 | K3: Check Now 26.17
B4: Ahmed Talaat <atalaat@youxel.com> | C4: 0.46085714 | D4: 1.0578923 | E4: 0.98841379 | F4: 1.0757576 | G4: 1.0725 | H4: 0.6537064 | I4: 0.94960317 | J4: 1.0228571 | K4: ='Kpi Indicators'!I3 -> 0.87123288
B5: Alaa Ezzat <aezzat@youxel.com> | C5: 0.3491166 | D5: 0.9961039 | E5: 0.8232996 | F5: 0.97324042 | G5: 0.94160998 | H5: 0.84953819 | I5: 0.93149541 | J5: 0.70691268 | K5: ='Kpi Indicators'!I4 -> 0.81699856
B6: Enas Diab <ediab@youxel.com> | C6: 0.68257407 | D6: 0.63793561 | E6: 0.76103296 | F6: 0.91940334 | G6: 0.89002193 | H6: 0.90059889 | I6: 0.89747475 | J6: 0.62873134 | K6: ='Kpi Indicators'!I5 -> 0.89888889
B7: Galal Torkey <gtorkey@youxel.com> | C7: NA | D7: NA | E7: NA | F7: NA | G7: NA | H7: 0.88979048 | I7: 0.97796992 | J7: 0.89605321 | K7: ='Kpi Indicators'!I6 -> 1.0009691
B8: Hussein Abdallah <habdallah@youxel.com> | C8: 0.54751014 | D8: 0.73974359 | E8: 0.71913439 | F8: 0.7976 | G8: 0.74878228 | H8: 0.82031746 | I8: 0.96374175 | J8: 0.94367063 | K8: ='Kpi Indicators'!I7 -> 0.93387097
B9: Mahmoud Adel Ali <madeel@youxel.com> | C9: 0.91147049 | D9: 0.5826416 | E9: 1.043703 | F9: 1.0634054 | G9: 1.0433862 | H9: 1.0234252 | I9: 1.0468944 | J9: 0.98509007 | K9: ='Kpi Indicators'!I8 -> 1.0664835
B10: Mahmoud Ibrahim Elfeqy <mfeqy@youxel.com> | C10: 0.57038086 | D10: 0.99154351 | E10: 0.942442 | F10: 1.002381 | G10: 1.1216667 | H10: 0.96282609 | I10: 0.95533769 | J10: 0.97772397 | K10: ='Kpi Indicators'!I9 -> 0.97201681
B11: Mariam Mohamed Saeed <msaeed@youxel.com> | C11: NA | D11: NA | E11: NA | F11: NA | G11: NA | H11: NA | I11: NA | J11: 0.69060012 | K11: ='Kpi Indicators'!I10 -> 0.81810395
B12: Mohamed Mustafa Farrag <mfarrag@youxel.com> | C12: 0.35228571 | D12: 0.86299955 | E12: 0.47142857 | F12: 0.54825397 | G12: 0.7552381 | H12: 0.8473514 | I12: 0.8789441 | J12: 0.70952381 | K12: ='Kpi Indicators'!I11 -> 0.7112451
B13: Salma Sameh <ssameh@youxel.com> | C13: 0.32551353 | D13: 0.55674812 | E13: 0.66460126 | F13: 0.53895105 | G13: 0.64520467 | H13: 0.52532309 | I13: 0.67323167 | J13: 0.76734658 | K13: ='Kpi Indicators'!I12 -> 1.0099233
B14: Shimaa Mohamed Elsayed <shhadad@youxel.com> | C14: 0.4912729 | D14: 1.1688824 | E14: 0.82427066 | F14: 0.6874965 | G14: 0.67466883 | H14: 0.63557056 | I14: 0.89049884 | J14: 0.89016726 | K14: ='Kpi Indicators'!I13 -> 0.98478447
B16: Performance Rate Per Staff | M16: Utilization Per Staff
B17: Team Member | C17: Check Now 25.9 | D17: Check Now 25.10 | E17: Check Now 25.11 | F17: Check Now 25.11 | G17: Check Now 25.13 | H17: Check Now 25.14 | I17: Check Now 26.15 | J17: Check Now 26.16 | K17: Check Now 26.17 | M17: Team Member | N17: Check Now 25.9 | O17: Check Now 25.10 | P17: Check Now 25.11 | Q17: Check Now 25.12 | R17: Check Now 25.13 | S17: Check Now 25.14 | T17: Check Now 26.15 | U17: Check Now 26.16 | V17: Check Now 26.17
B18: Ahmed Talaat <atalaat@youxel.com> | C18: 0.79 | D18: 0.91803279 | E18: 0.86206897 | F18: 0.87878788 | G18: 0.675 | H18: 0.29457364 | I18: 0.76190476 | J18: 1 | K18: ='Check Now 26.17 Full Analysis'!C6 -> 0.35616438 | M18: Ahmed Talaat <atalaat@youxel.com> | N18: 1.0285714 | O18: 1.7428571 | P18: 1.16 | Q18: 2 | R18: 2.375 | S18: 1.28125 | T18: 0.97222222 | U18: 1.2285714 | V18: ='Check Now 26.17 Full Analysis'!D6 -> 1
B19: Alaa Ezzat <aezzat@youxel.com> | C19: 0.743083 | D19: 0.90909091 | E19: 0.96842105 | F19: 0.7804878 | G19: 0.63265306 | H19: 0.7815534 | I19: 0.73684211 | J19: 0.48648649 | K19: ='Check Now 26.17 Full Analysis'!C7 -> 0.57070707 | M19: Alaa Ezzat <aezzat@youxel.com> | N19: 0.605 | O19: 1.1428571 | P19: 1.45 | Q19: 1.1714286 | R19: 1.1507937 | S19: 1.2285714 | T19: 0.84126984 | U19: 1.25 | V19: ='Check Now 26.17 Full Analysis'!D7 -> 1.4285714
B20: Enas Diab <ediab@youxel.com> | C20: 0.97468354 | D20: 0.6969697 | E20: 0.55434783 | F20: 0.54651163 | G20: 0.54385965 | H20: 0.60810811 | I20: 0.5 | J20: 0.26865672 | K20: ='Check Now 26.17 Full Analysis'!C8 -> 0.8 | M20: Enas Diab <ediab@youxel.com> | N20: 1.1071429 | O20: 1.71875 | P20: 1.9722222 | Q20: 2.0555556 | R20: 1.6875 | S20: 2.0625 | T20: 1.6111111 | U20: 1.75 | V20: ='Check Now 26.17 Full Analysis'!D8 -> 0.38888889
B21: Galal Torkey <gtorkey@youxel.com> | C21: NA | D21: NA | E21: NA | F21: NA | G21: NA | H21: 0.768 | I21: 0.86842105 | J21: 0.84393064 | K21: ='Check Now 26.17 Full Analysis'!C9 -> 0.91079812 | M21: Galal Torkey <gtorkey@youxel.com> | N21: NA | O21: NA | P21: NA | Q21: NA | R21: NA | S21: 0.82857143 | T21: 1.0428571 | U21: 1.1857143 | V21: ='Check Now 26.17 Full Analysis'!D9 -> 1.4214286
B22: Hussein Abdallah <habdallah@youxel.com> | C22: 0.71532847 | D22: 0.61538462 | E22: 0.84462151 | F22: 0.848 | G22: 0.61052632 | H22: 0.82777778 | I22: 0.61235955 | J22: 0.76388889 | K22: ='Check Now 26.17 Full Analysis'!C10 -> 0.61935484 | M22: Hussein Abdallah <habdallah@youxel.com> | N22: 0.77777778 | O22: 1.5 | P22: 1.1785714 | Q22: 1.73 | R22: 1.0928571 | S22: 1.047619 | T22: 1.4126984 | U22: 1.2589286 | V22: ='Check Now 26.17 Full Analysis'!D10 -> 1.1
B23: Mahmoud Adel Ali <madeel@youxel.com> | C23: 0.94366197 | D23: 0.94382022 | E23: 0.93835616 | F23: 1.1830986 | G23: 1.0740741 | H23: 0.86315789 | I23: 0.91304348 | J23: 0.71910112 | K23: ='Check Now 26.17 Full Analysis'!C11 -> 0.90384615 | M23: Mahmoud Adel Ali <madeel@youxel.com> | N23: 1.1607143 | O23: 0.93877551 | P23: 1.7936508 | Q23: 1.2678571 | R23: 1.2857143 | S23: 1.5079365 | T23: 1.6428571 | U23: 1.4126984 | V23: ='Check Now 26.17 Full Analysis'!D11 -> 1.8571429
B24: Mahmoud Ibrahim Elfeqy <mfeqy@youxel.com> | C24: 0.7752809 | D24: 0.85057471 | E24: 0.81538462 | F24: 0.8452381 | G24: 0.775 | H24: 0.73913043 | I24: 0.64705882 | J24: 0.74576271 | K24: ='Check Now 26.17 Full Analysis'!C12 -> 0.75294118 | M24: Mahmoud Ibrahim Elfeqy <mfeqy@youxel.com> | N24: 0.97142857 | O24: 1.2142857 | P24: 1.5714286 | Q24: 1.3333333 | R24: 2.6666667 | S24: 1.15 | T24: 1.2592593 | U24: 1.2857143 | V24: ='Check Now 26.17 Full Analysis'!D12 -> 1.2142857
B25: Mariam Mohamed Saeed <msaeed@youxel.com> | C25: NA | D25: NA | E25: NA | F25: NA | G25: NA | H25: NA | I25: NA | J25: 0.73115186 | K25: ='Check Now 26.17 Full Analysis'!C13 -> 0.52857615 | M25: Mariam Mohamed Saeed <msaeed@youxel.com> | N25: NA | O25: NA | P25: NA | Q25: NA | R25: NA | S25: NA | T25: NA | U25: 0.91428571 | V25: ='Check Now 26.17 Full Analysis'!D13 -> 1.5975714
B26: Mohamed Mustafa Farrag <mfarrag@youxel.com> | C26: 0.84 | D26: 0.96261682 | E26: 0.8 | F26: 1 | G26: 1 | H26: 0.99300699 | I26: 0.63043478 | J26: 1 | K26: ='Check Now 26.17 Full Analysis'!C14 -> 0.98989899 | M26: Mohamed Mustafa Farrag <mfarrag@youxel.com> | N26: 0.44285714 | O26: 0.87142857 | P26: 0.31428571 | Q26: 0.37142857 | R26: 0.88571429 | S26: 0.8 | T26: 0.52857143 | U26: 0.42857143 | V26: ='Check Now 26.17 Full Analysis'!D14 -> 0.63265306
B27: Salma Sameh <ssameh@youxel.com> | C27: 0.82921051 | D27: 0.94191523 | E27: 0.65826727 | F27: 0.72977904 | G27: 0.75453524 | H27: 0.81357975 | I27: 0.88282504 | J27: 0.83239955 | K27: ='Check Now 26.17 Full Analysis'!C15 -> 0.76447346 | M27: Salma Sameh <ssameh@youxel.com> | N27: 1.0967143 | O27: 1.2336508 | P27: 1.0217857 | Q27: 1.0132857 | R27: 0.85964286 | S27: 1.0010714 | T27: 0.76666667 | U27: 1.342 | V27: ='Check Now 26.17 Full Analysis'!D15 -> 1.5702857
B28: Shimaa Mohamed Elsayed <shhadad@youxel.com> | C28: 0.75806452 | D28: 0.8627451 | E28: 0.89994706 | F28: 0.82 | G28: 0.70857143 | H28: 0.88329261 | I28: 0.52017937 | J28: 0.6955506 | K28: ='Check Now 26.17 Full Analysis'!C16 -> 0.70400169 | M28: Shimaa Mohamed Elsayed <shhadad@youxel.com> | N28: 0.7716 | O28: 5.7633333 | P28: 1.1928125 | Q28: 0.92727273 | R28: 0.95454545 | S28: 1.21875 | T28: 0.86462963 | U28: 1.0705714 | V28: ='Check Now 26.17 Full Analysis'!D16 -> 1.4398413
B30: Done Tasks Per Staff | M30: MidSprint_Addition Per Staff
B31: Team Member | C31: Check Now 25.9 | D31: Check Now 25.10 | E31: Check Now 25.11 | F31: Check Now 25.11 | G31: Check Now 25.13 | H31: Check Now 25.14 | I31: Check Now 26.15 | J31: Check Now 26.16 | K31: Check Now 26.17 | M31: Team Member | N31: Check Now 25.9 | O31: Check Now 25.10 | P31: Check Now 25.11 | Q31: Check Now 25.12 | R31: Check Now 25.13 | S31: Check Now 25.14 | T31: Check Now 26.15 | U31: Check Now 26.16 | V31: Check Now 26.17
B32: Ahmed Talaat <atalaat@youxel.com> | C32: 0.28571429 | D32: 1 | E32: 1 | F32: 1 | G32: 1 | H32: 0.66666667 | I32: 1 | J32: 1 | K32: ='Check Now 26.17 Full Analysis'!D20 -> 1 | M32: Ahmed Talaat <atalaat@youxel.com> | N32: 0 | O32: 0 | P32: 0 | Q32: 0 | R32: 0 | S32: 0 | T32: 0 | U32: 0 | V32: ='Check Now 26.17 Full Analysis'!D34 -> 0
B33: Alaa Ezzat <aezzat@youxel.com> | C33: 0.2 | D33: 1 | E33: 0.69230769 | F33: 1 | G33: 1 | H33: 0.81481481 | I33: 1 | J33: 0.69230769 | K33: ='Check Now 26.17 Full Analysis'!D21 -> 0.8 | M33: Alaa Ezzat <aezzat@youxel.com> | N33: 0 | O33: 0 | P33: 0.19230769 | Q33: 0.875 | R33: 0.125 | S33: 0.074074074 | T33: 0.21052632 | U33: 0.076923077 | V33: ='Check Now 26.17 Full Analysis'!D35 -> 0
B34: Enas Diab <ediab@youxel.com> | C34: 0.53846154 | D34: 0.46666667 | E34: 0.64705882 | F34: 0.86363636 | G34: 0.875 | H34: 0.81818182 | I34: 0.90909091 | J34: 0.57142857 | K34: ='Check Now 26.17 Full Analysis'!D22 -> 1 | M34: Enas Diab <ediab@youxel.com> | N34: 0 | O34: 0.4 | P34: 0.058823529 | Q34: 0.13636364 | R34: 0 | S34: 0 | T34: 0 | U34: 0.28571429 | V34: ='Check Now 26.17 Full Analysis'!D36 -> 0
B35: Galal Torkey <gtorkey@youxel.com> | C35: NA | D35: NA | E35: NA | F35: NA | G35: NA | H35: 0.93333333 | I35: 1 | J35: 0.86956522 | K35: ='Check Now 26.17 Full Analysis'!D23 -> 0.96666667 | M35: Galal Torkey <gtorkey@youxel.com> | N35: NA | O35: NA | P35: NA | Q35: NA | R35: NA | S35: 0 | T35: 0 | U35: 0 | V35: ='Check Now 26.17 Full Analysis'!D37 -> 0
B36: Hussein Abdallah <habdallah@youxel.com> | C36: 0.46666667 | D36: 0.66666667 | E36: 0.61764706 | F36: 0.65 | G36: 0.73913043 | H36: 0.78571429 | I36: 1 | J36: 0.95 | K36: ='Check Now 26.17 Full Analysis'!D24 -> 1 | M36: Hussein Abdallah <habdallah@youxel.com> | N36: 0 | O36: 0 | P36: 0.029411765 | Q36: 0.05 | R36: 0.2173913 | S36: 0 | T36: 0 | U36: 0 | V36: ='Check Now 26.17 Full Analysis'!D38 -> 0.071428571
B37: Mahmoud Adel Ali <madeel@youxel.com> | C37: 0.86666667 | D37: 0.42857143 | E37: 0.96666667 | F37: 1 | G37: 1 | H37: 1 | I37: 1 | J37: 1 | K37: ='Check Now 26.17 Full Analysis'!D25 -> 1 | M37: Mahmoud Adel Ali <madeel@youxel.com> | N37: 0.066666667 | O37: 0.14285714 | P37: 0 | Q37: 0 | R37: 0 | S37: 0 | T37: 0 | U37: 0 | V37: ='Check Now 26.17 Full Analysis'!D39 -> 0
B38: Mahmoud Ibrahim Elfeqy <mfeqy@youxel.com> | C38: 0.45454545 | D38: 1 | E38: 0.88888889 | F38: 1 | G38: 1 | H38: 1 | I38: 1 | J38: 1 | K38: ='Check Now 26.17 Full Analysis'!D26 -> 1 | M38: Mahmoud Ibrahim Elfeqy <mfeqy@youxel.com> | N38: 0.090909091 | O38: 0 | P38: 0 | Q38: 0 | R38: 0 | S38: 0.083333333 | T38: 0 | U38: 0 | V38: ='Check Now 26.17 Full Analysis'!D40 -> 0
B39: Mariam Mohamed Saeed <msaeed@youxel.com> | C39: NA | D39: NA | E39: NA | F39: NA | G39: NA | H39: NA | I39: NA | J39: 0.64705882 | K39: ='Check Now 26.17 Full Analysis'!D27 -> 0.78947368 | M39: Mariam Mohamed Saeed <msaeed@youxel.com> | N39: NA | O39: NA | P39: NA | Q39: NA | R39: NA | S39: NA | T39: NA | U39: 0 | V39: ='Check Now 26.17 Full Analysis'!D41 -> 0
B40: Mohamed Mustafa Farrag <mfarrag@youxel.com> | C40: 0.2 | D40: 0.83333333 | E40: 0.4 | F40: 0.44444444 | G40: 0.66666667 | H40: 0.8125 | I40: 1 | J40: 0.66666667 | K40: ='Check Now 26.17 Full Analysis'!D28 -> 0.64285714 | M40: Mohamed Mustafa Farrag <mfarrag@youxel.com> | N40: 0 | O40: 0.083333333 | P40: 0 | Q40: 0 | R40: 0 | S40: 0.375 | T40: 0 | U40: 0 | V40: ='Check Now 26.17 Full Analysis'!D42 -> 0
B41: Salma Sameh <ssameh@youxel.com> | C41: 0.071428571 | D41: 0.35 | E41: 0.61538462 | F41: 0.41666667 | G41: 0.58333333 | H41: 0.375 | I41: 0.6 | J41: 0.66666667 | K41: ='Check Now 26.17 Full Analysis'!D29 -> 1 | M41: Salma Sameh <ssameh@youxel.com> | N41: 0 | O41: 0.35 | P41: 0.30769231 | Q41: 0.25 | R41: 0 | S41: 0.0625 | T41: 0 | U41: 0 | V41: ='Check Now 26.17 Full Analysis'!D43 -> 0
B42: Shimaa Mohamed Elsayed <shhadad@youxel.com> | C42: 0.375 | D42: 0.6 | E42: 0.75 | F42: 0.61538462 | G42: 0.625 | H42: 0.48148148 | I42: 1 | J42: 0.92 | K42: ='Check Now 26.17 Full Analysis'!D30 -> 1 | M42: Shimaa Mohamed Elsayed <shhadad@youxel.com> | N42: 0 | O42: 0 | P42: 0 | Q42: 0.076923077 | R42: 0.375 | S42: 0.2962963 | T42: 0.11111111 | U42: 0 | V42: ='Check Now 26.17 Full Analysis'!D44 -> 0.041666667
M44: Ad-hoc % Per Staff
M45: Team Member | N45: Check Now 26.15 | O45: Check Now 26.16 | P45: Check Now 26.17
M46: Ahmed Talaat <atalaat@youxel.com> | N46: 0 | O46: 0 | P46: ='Check Now 26.17 Full Analysis'!D48 -> 0
M47: Alaa Ezzat <aezzat@youxel.com> | N47: 0.21052632 | O47: 0.30769231 | P47: ='Check Now 26.17 Full Analysis'!D49 -> 0.15
M48: Enas Diab <ediab@youxel.com> | N48: 0.090909091 | O48: 0.14285714 | P48: ='Check Now 26.17 Full Analysis'!D50 -> 0
M49: Galal Torkey <gtorkey@youxel.com> | N49: 0 | O49: 0 | P49: ='Check Now 26.17 Full Analysis'!D51 -> 0
M50: Hussein Abdallah <habdallah@youxel.com> | N50: 0.13043478 | O50: 0 | P50: ='Check Now 26.17 Full Analysis'!D52 -> 0
M51: Mahmoud Adel Ali <madeel@youxel.com> | N51: 0.076923077 | O51: 0.090909091 | P51: ='Check Now 26.17 Full Analysis'!D53 -> 0.058823529
M52: Mahmoud Ibrahim Elfeqy <mfeqy@youxel.com> | N52: 0 | O52: 0.22222222 | P52: ='Check Now 26.17 Full Analysis'!D54 -> 0.27272727
M53: Mariam Mohamed Saeed <msaeed@youxel.com> | N53: NA | O53: 0 | P53: ='Check Now 26.17 Full Analysis'!D55 -> 0
M54: Mohamed Mustafa Farrag <mfarrag@youxel.com> | N54: 0 | O54: 0 | P54: ='Check Now 26.17 Full Analysis'!D56 -> 0
M55: Salma Sameh <ssameh@youxel.com> | N55: 0 | O55: 0 | P55: ='Check Now 26.17 Full Analysis'!D57 -> 0
M56: Shimaa Mohamed Elsayed <shhadad@youxel.com> | N56: 0 | O56: 0.16 | P56: ='Check Now 26.17 Full Analysis'!D58 -> 0.125

Sheet Kpi Indicators Per Team
B2: Item | C2: Check Now 25.9 | D2: Check Now 25.10 | E2: Check Now 25.11 | F2: Check Now 25.12 | G2: Check Now 25.13 | H2: Check Now 25.14 | I2: Check Now 26.15 | J2: Check Now 26.16 | K2: Check Now 26.17
B3: Escaped Bugs | C3: 0 | D3: 0 | E3: 0 | F3: 0 | G3: 0 | H3: 0 | I3: 0 | J3: 0 | K3: ='Check Now 26.17 Analysis'!C6 -> 0
B4: MidSprint_Addition | C4: 2 | D4: 23 | E4: 14 | F4: 18 | G4: 10 | H4: 25 | I4: 8 | J4: 11 | K4: ='Check Now 26.17 Analysis'!C7 -> 2
B5: Ad-hoc | C5: NA | D5: NA | E5: NA | F5: NA | G5: NA | H5: NA | I5: 9 | J5: 12 | K5: ='Check Now 26.17 Analysis'!C8 -> 10
B6: Actual SP | C6: 31 | D6: 31 | E6: 66 | F6: 72 | G6: 78 | H6: 57 | I6: 73 | J6: 61 | K6: ='Check Now 26.17 Analysis'!C9 -> 57
B7: Planned SP | C7: 87 | D7: 97 | E7: 113 | F7: 124 | G7: 142 | H7: 191 | I7: 82 | J7: 44 | K7: ='Check Now 26.17 Analysis'!C10 -> 102
B8: Estimated Development Effort | C8: 721.5 | D8: 716 | E8: 775.5 | F8: 578 | G8: 436.5 | H8: 694.5 | I8: 476 | J8: 639.5 | K8: ='Check Now 26.17 Analysis'!C11 -> 569
B9: Total Actual Development Effort | C9: 562.13 | D9: 599.79 | E9: 667.21 | F9: 596.76 | G9: 547.89 | H9: 699.58 | I9: 619.26 | J9: 757.18 | K9: ='Check Now 26.17 Analysis'!C12 -> 776.46
B10: Estimated Testing Effort | C10: 0 | D10: 0 | E10: 0 | F10: 0 | G10: 0 | H10: 48 | I10: 66 | J10: 73 | K10: ='Check Now 26.17 Analysis'!C13 -> 97
B11: Total Actual Testing Effort | C11: 0 | D11: 0 | E11: 0 | F11: 0 | G11: 0 | H11: 58 | I11: 73 | J11: 83 | K11: ='Check Now 26.17 Analysis'!C14 -> 99.5
B12: Bug Fixing Actual Effort | C12: 0 | D12: 0 | E12: 0 | F12: 0 | G12: 0 | H12: 0 | I12: 14 | J12: 7 | K12: ='Check Now 26.17 Analysis'!C15 -> 2
B13: Sum of Actual Hours | C13: 567.76 | D13: 599.79 | E13: 667.21 | F13: 596.76 | G13: 547.89 | H13: 757.58 | I13: 692.26 | J13: 840.18 | K13: ='Check Now 26.17 Analysis'!C16 -> 875.96
B14: Sum of Working Hours | C14: 680 | D14: 455 | E14: 517 | F14: 506 | G14: 444.5 | H14: 572 | I14: 653 | J14: 708 | K14: ='Check Now 26.17 Analysis'!C17 -> 680
B16: Kpi Indicators Per Team
B17: Team | C17: Check Now 25.9 | D17: Check Now 25.10 | E17: Check Now 25.11 | F17: Check Now 25.12 | G17: Check Now 25.13 | H17: Check Now 25.14 | I17: Check Now 26.15 | J17: Check Now 26.16 | K17: Check Now 26.17
B18: Design | C18: 0.79809966 | D18: 0.62691183 | E18: 0.74432578 | F18: 0.6152927 | G18: 0.65694498 | H18: 0.58839882 | I18: 0.82350061 | J18: 0.80396052 | K18: ='Kpi Indicators'!I17 -> 0.9387084
B19: Development | C19: 0.65546725 | D19: 0.85391469 | E19: 1.0025699 | F19: 1.0370555 | G19: 1.0492732 | H19: 0.93798984 | I19: 0.98769082 | J19: 0.99666911 | K19: ='Kpi Indicators'!I18 -> 0.97379135
B20: Front End | C20: 0.70965016 | D20: 0.8282981 | E20: 0.68234265 | F20: 0.80212597 | G20: 0.85231117 | H20: 0.79404114 | I20: 0.82176143 | J20: 0.77447956 | K20: ='Kpi Indicators'!I19 -> 0.81106269
B21: Testing | C21: NA | D21: NA | E21: NA | F21: NA | G21: NA | H21: 0.88979048 | I21: 0.97796992 | J21: 0.89605321 | K21: ='Kpi Indicators'!I20 -> 1.0009691
B23: Performance Rate Per Team | M23: Utilization Per Team
B24: Team | C24: Check Now 25.9 | D24: Check Now 25.10 | E24: Check Now 25.11 | F24: Check Now 25.12 | G24: Check Now 25.13 | H24: Check Now 25.14 | I24: Check Now 26.15 | J24: Check Now 26.16 | K24: Check Now 26.17 | M24: Team | N24: Check Now 25.9 | O24: Check Now 25.10 | P24: Check Now 25.11 | Q24: Check Now 25.12 | R24: Check Now 25.13 | S24: Check Now 25.14 | T24: Check Now 26.15 | U24: Check Now 26.16 | V24: Check Now 26.17
B25: Design | C25: 0.82937708 | D25: 0.92079104 | E25: 0.76584714 | F25: 0.76874352 | G25: 0.73557148 | H25: 0.84959705 | I25: 0.7115629 | J25: 0.74353314 | K25: ='Check Now 26.17 Full Analysis'!H6 -> 0.66122424 | M25: Design | N25: 4.7313333 | O25: 1.6275362 | P25: 1.0839773 | Q25: 0.97544 | R25: 0.89830688 | S25: 1.0917708 | T25: 0.81188034 | U25: 1.0623429 | V25: ='Check Now 26.17 Full Analysis'!I6 -> 1.5392118
B26: Development | C26: 0.82937708 | D26: 0.90295359 | E26: 0.89298893 | F26: 0.9638009 | G26: 0.90062112 | H26: 0.66520788 | I26: 0.79058824 | J26: 0.82905983 | K26: ='Check Now 26.17 Full Analysis'!H7 -> 0.70229008 | M26: Development | N26: 1.0459184 | O26: 1.2467532 | P26: 1.527027 | Q26: 1.442953 | R26: 1.6914894 | S26: 1.3187135 | T26: 1.2957317 | U26: 1.3085714 | V26: ='Check Now 26.17 Full Analysis'!I7 -> 1.3333333
B27: Front End | C27: 0.82937708 | D27: 0.79599499 | E27: 0.80965645 | F27: 0.7189441 | G27: 0.63447251 | H27: 0.78732566 | I27: 0.63950667 | J27: 0.65317905 | K27: ='Check Now 26.17 Full Analysis'!H8 -> 0.68672199 | M27: Front End | N27: 1.9377474 | O27: 1.3243243 | P27: 1.2295374 | Q27: 1.1199569 | R27: 1.1875 | S27: 1.2107213 | T27: 1.032351 | U27: 1.1884375 | V27: ='Check Now 26.17 Full Analysis'!I8 -> 0.97247706
B28: Testing | C28: NA | D28: NA | E28: NA | F28: NA | G28: NA | H28: 0.768 | I28: 0.86842105 | J28: 0.84393064 | K28: ='Check Now 26.17 Full Analysis'!H9 -> 0.91079812 | M28: Testing | N28: NA | O28: NA | P28: NA | Q28: NA | R28: NA | S28: 0.82857143 | T28: 1.0428571 | U28: 1.1857143 | V28: ='Check Now 26.17 Full Analysis'!I9 -> 1.4214286
B30: Done Tasks Per Team | M30: MidSprint_Addition Per Team
B31: Team | C31: Check Now 25.9 | D31: Check Now 25.10 | E31: Check Now 25.11 | F31: Check Now 25.12 | G31: Check Now 25.13 | H31: Check Now 25.14 | I31: Check Now 26.15 | J31: Check Now 26.16 | K31: Check Now 26.17 | M31: Team | N31: Check Now 25.9 | O31: Check Now 25.10 | P31: Check Now 25.11 | Q31: Check Now 25.12 | R31: Check Now 25.13 | S31: Check Now 25.14 | T31: Check Now 26.15 | U31: Check Now 26.16 | V31: Check Now 26.17
B32: Design | C32: 0.22727273 | D32: 0.4 | E32: 0.68965517 | F32: 0.52 | G32: 0.6 | H32: 0.44186047 | I32: 0.85714286 | J32: 0.78431373 | K32: ='Check Now 26.17 Full Analysis'!I20 -> 0.93220339 | M32: Design | N32: 0 | O32: 0.28 | P32: 0.13793103 | Q32: 0.16 | R32: 0.15 | S32: 0.20930233 | T32: 0.071428571 | U32: 0 | V32: ='Check Now 26.17 Full Analysis'!H34 -> 0.016949153
B33: Development | C33: 0.55 | D33: 0.775 | E33: 0.95918367 | F33: 1 | G33: 1 | H33: 0.96153846 | I33: 1 | J33: 1 | K33: ='Check Now 26.17 Full Analysis'!I21 -> 1 | M33: Development | N33: 0.038461538 | O33: 0.05 | P33: 0 | Q33: 0 | R33: 0 | S33: 0.038461538 | T33: 0 | U33: 0 | V33: ='Check Now 26.17 Full Analysis'!H35 -> 0
B34: Front End | C34: 0.5 | D34: 0.76666667 | E34: 0.56779661 | F34: 0.7804878 | G34: 0.86666667 | H34: 0.73643411 | I34: 0.84375 | J34: 0.75 | K34: ='Check Now 26.17 Full Analysis'!I22 -> 0.82352941 | M34: Front End | N34: 0 | O34: 0.23333333 | P34: 0.084745763 | Q34: 0.17073171 | R34: 0.093333333 | S34: 0.11627907 | T34: 0.0625 | U34: 0.10576923 | V34: ='Check Now 26.17 Full Analysis'!H36 -> 0.019607843
B35: Testing | C35: NA | D35: NA | E35: NA | F35: NA | G35: NA | H35: 0.93333333 | I35: 1 | J35: 0.86956522 | K35: ='Check Now 26.17 Full Analysis'!I23 -> 0.96666667 | M35: Testing | N35: NA | O35: NA | P35: NA | Q35: NA | R35: NA | S35: 0 | T35: 0 | U35: 0 | V35: ='Check Now 26.17 Full Analysis'!H37 -> 0
M37: Ad-hoc % Per Team
M38: Team | N38: Check Now 26.15 | O38: Check Now 26.16 | P38: Check Now 26.17
M39: Design | N39: 0 | O39: 0.078431373 | P39: ='Check Now 26.17 Full Analysis'!H48 -> 0.050847458
M40: Development | N40: 0.033333333 | O40: 0.096774194 | P40: ='Check Now 26.17 Full Analysis'!H49 -> 0.125
M41: Front End | N41: 0.083333333 | O41: 0.048076923 | P41: ='Check Now 26.17 Full Analysis'!H50 -> 0.058823529
M42: Testing | N42: 0 | O42: 0 | P42: ='Check Now 26.17 Full Analysis'!H51 -> 0

Sheet Check Now 26.17 Full Analysis
B2: Sprint Name: Check Now 26.17
B3: Date: 25 JAN to 05 FEB
B5: Row Labels | C5: Performance Rate | D5: Utilization Per Staff | G5: Team | H5: Performance Rate | I5: Utilization Per Staff
B6: Ahmed Talaat <atalaat@youxel.com> | C6: ='Check Now 26.17 Analysis'!P51 -> 0.35616438 | D6: ='Check Now 26.17 Analysis'!Q51 -> 1 | G6: Design | H6: ='Check Now 26.17 Analysis'!P88 -> 0.66122424 | I6: ='Check Now 26.17 Analysis'!Q88 -> 1.5392118
B7: Alaa Ezzat <aezzat@youxel.com> | C7: ='Check Now 26.17 Analysis'!P52 -> 0.57070707 | D7: ='Check Now 26.17 Analysis'!Q52 -> 1.4285714 | G7: Development | H7: ='Check Now 26.17 Analysis'!P89 -> 0.70229008 | I7: ='Check Now 26.17 Analysis'!Q89 -> 1.3333333
B8: Enas Diab <ediab@youxel.com> | C8: ='Check Now 26.17 Analysis'!P53 -> 0.8 | D8: ='Check Now 26.17 Analysis'!Q53 -> 0.38888889 | G8: Front End | H8: ='Check Now 26.17 Analysis'!P90 -> 0.68672199 | I8: ='Check Now 26.17 Analysis'!Q90 -> 0.97247706
B9: Galal Torkey <gtorkey@youxel.com> | C9: ='Check Now 26.17 Analysis'!P54 -> 0.91079812 | D9: ='Check Now 26.17 Analysis'!Q54 -> 1.4214286 | G9: Testing | H9: ='Check Now 26.17 Analysis'!P91 -> 0.91079812 | I9: ='Check Now 26.17 Analysis'!Q91 -> 1.4214286
B10: Hussein Abdallah <habdallah@youxel.com> | C10: ='Check Now 26.17 Analysis'!P55 -> 0.61935484 | D10: ='Check Now 26.17 Analysis'!Q55 -> 1.1 | G10: Grand Total | H10: ='Check Now 26.17 Analysis'!P92 -> 0.70741189 | I10: ='Check Now 26.17 Analysis'!Q92 -> 1.2881765
B11: Mahmoud Adel Ali <madeel@youxel.com> | C11: ='Check Now 26.17 Analysis'!P56 -> 0.90384615 | D11: ='Check Now 26.17 Analysis'!Q56 -> 1.8571429
B12: Mahmoud Ibrahim Elfeqy <mfeqy@youxel.com> | C12: ='Check Now 26.17 Analysis'!P57 -> 0.75294118 | D12: ='Check Now 26.17 Analysis'!Q57 -> 1.2142857
B13: Mariam Mohamed Saeed <msaeed@youxel.com> | C13: ='Check Now 26.17 Analysis'!P58 -> 0.52857615 | D13: ='Check Now 26.17 Analysis'!Q58 -> 1.5975714
B14: Mohamed Mustafa Farrag <mfarrag@youxel.com> | C14: ='Check Now 26.17 Analysis'!P59 -> 0.98989899 | D14: ='Check Now 26.17 Analysis'!Q59 -> 0.63265306
B15: Salma Sameh <ssameh@youxel.com> | C15: ='Check Now 26.17 Analysis'!P60 -> 0.76447346 | D15: ='Check Now 26.17 Analysis'!Q60 -> 1.5702857
B16: Shimaa Mohamed Elsayed <shhadad@youxel.com> | C16: ='Check Now 26.17 Analysis'!P61 -> 0.70400169 | D16: ='Check Now 26.17 Analysis'!Q61 -> 1.4398413
B17: Grand Total | C17: ='Check Now 26.17 Analysis'!P62 -> 0.70741189 | D17: ='Check Now 26.17 Analysis'!Q62 -> 1.2881765
B19: Row Labels | C19: Grand Total | D19: Done Tasks % | G19: Row Labels | H19: Grand Total | I19: Done Tasks %
B20: Ahmed Talaat <atalaat@youxel.com> | C20: ='Check Now 26.17 Analysis'!P95 -> 4 | D20: ='Check Now 26.17 Analysis'!Q95 -> 1 | G20: Design | H20: ='Check Now 26.17 Analysis'!P132 -> 59 | I20: ='Check Now 26.17 Analysis'!Q132 -> 0.93220339
B21: Alaa Ezzat <aezzat@youxel.com> | C21: ='Check Now 26.17 Analysis'!P96 -> 20 | D21: ='Check Now 26.17 Analysis'!Q96 -> 0.8 | G21: Development | H21: ='Check Now 26.17 Analysis'!P133 -> 32 | I21: ='Check Now 26.17 Analysis'!Q133 -> 1
B22: Enas Diab <ediab@youxel.com> | C22: ='Check Now 26.17 Analysis'!P97 -> 3 | D22: ='Check Now 26.17 Analysis'!Q97 -> 1 | G22: Front End | H22: ='Check Now 26.17 Analysis'!P134 -> 51 | I22: ='Check Now 26.17 Analysis'!Q134 -> 0.82352941
B23: Galal Torkey <gtorkey@youxel.com> | C23: ='Check Now 26.17 Analysis'!P98 -> 30 | D23: ='Check Now 26.17 Analysis'!Q98 -> 0.96666667 | G23: Testing | H23: ='Check Now 26.17 Analysis'!P135 -> 30 | I23: ='Check Now 26.17 Analysis'!Q135 -> 0.96666667
B24: Hussein Abdallah <habdallah@youxel.com> | C24: ='Check Now 26.17 Analysis'!P99 -> 14 | D24: ='Check Now 26.17 Analysis'!Q99 -> 1 | G24: Grand Total | H24: ='Check Now 26.17 Analysis'!P136 -> 172 | I24: ='Check Now 26.17 Analysis'!Q136 -> 0.91860465
B25: Mahmoud Adel Ali <madeel@youxel.com> | C25: ='Check Now 26.17 Analysis'!P100 -> 17 | D25: ='Check Now 26.17 Analysis'!Q100 -> 1
B26: Mahmoud Ibrahim Elfeqy <mfeqy@youxel.com> | C26: ='Check Now 26.17 Analysis'!P101 -> 11 | D26: ='Check Now 26.17 Analysis'!Q101 -> 1
B27: Mariam Mohamed Saeed <msaeed@youxel.com> | C27: ='Check Now 26.17 Analysis'!P102 -> 19 | D27: ='Check Now 26.17 Analysis'!Q102 -> 0.78947368
B28: Mohamed Mustafa Farrag <mfarrag@youxel.com> | C28: ='Check Now 26.17 Analysis'!P103 -> 14 | D28: ='Check Now 26.17 Analysis'!Q103 -> 0.64285714
B29: Salma Sameh <ssameh@youxel.com> | C29: ='Check Now 26.17 Analysis'!P104 -> 16 | D29: ='Check Now 26.17 Analysis'!Q104 -> 1
B30: Shimaa Mohamed Elsayed <shhadad@youxel.com> | C30: ='Check Now 26.17 Analysis'!P105 -> 24 | D30: ='Check Now 26.17 Analysis'!Q105 -> 1
B31: Grand Total | C31: ='Check Now 26.17 Analysis'!P106 -> 172 | D31: ='Check Now 26.17 Analysis'!Q106 -> 0.91860465
B33: Team member | C33: Team | D33: MidSprint_Addition % | G33: Team | H33: MidSprint_Addition %
B34: Ahmed Talaat <atalaat@youxel.com> | C34: Development | D34: ='Check Now 26.17 Analysis'!Q140 -> 0 | G34: Design | H34: ='Check Now 26.17 Analysis'!P181 -> 0.016949153
B35: Alaa Ezzat <aezzat@youxel.com> | C35: Frontend | D35: ='Check Now 26.17 Analysis'!Q141 -> 0 | G35: Development | H35: ='Check Now 26.17 Analysis'!P182 -> 0
B36: Enas Diab <ediab@youxel.com> | C36: Frontend | D36: ='Check Now 26.17 Analysis'!Q142 -> 0 | G36: Front End | H36: ='Check Now 26.17 Analysis'!P183 -> 0.019607843
B37: Galal Torkey <gtorkey@youxel.com> | C37: Testing | D37: ='Check Now 26.17 Analysis'!Q143 -> 0 | G37: Testing | H37: ='Check Now 26.17 Analysis'!P184 -> 0
B38: Hussein Abdallah <habdallah@youxel.com> | C38: Frontend | D38: ='Check Now 26.17 Analysis'!Q144 -> 0.071428571 | G38: Grand Total | H38: ='Check Now 26.17 Analysis'!P185 -> 0.011627907
B39: Mahmoud Adel Ali <madeel@youxel.com> | C39: Development | D39: ='Check Now 26.17 Analysis'!Q145 -> 0
B40: Mahmoud Ibrahim Elfeqy <mfeqy@youxel.com> | C40: Development | D40: ='Check Now 26.17 Analysis'!Q146 -> 0
B41: Mariam Mohamed Saeed <msaeed@youxel.com> | C41: Design | D41: ='Check Now 26.17 Analysis'!Q147 -> 0
B42: Mohamed Mustafa Farrag <mfarrag@youxel.com> | C42: Frontend | D42: ='Check Now 26.17 Analysis'!Q148 -> 0
B43: Salma Sameh <ssameh@youxel.com> | C43: Design | D43: ='Check Now 26.17 Analysis'!Q149 -> 0
B44: Shimaa Mohamed Elsayed <shhadad@youxel.com> | C44: Design | D44: ='Check Now 26.17 Analysis'!Q150 -> 0.041666667
B45: Grand Total | D45: ='Check Now 26.17 Analysis'!Q151 -> 0.011627907
B47: Team member | C47: Team | D47: Ad-hoc % | G47: Team | H47: Ad-hoc %
B48: Ahmed Talaat <atalaat@youxel.com> | C48: Development | D48: ='Check Now 26.17 Analysis'!Q190 -> 0 | G48: Design | H48: ='Check Now 26.17 Analysis'!P231 -> 0.050847458
B49: Alaa Ezzat <aezzat@youxel.com> | C49: Frontend | D49: ='Check Now 26.17 Analysis'!Q191 -> 0.15 | G49: Development | H49: ='Check Now 26.17 Analysis'!P232 -> 0.125
B50: Enas Diab <ediab@youxel.com> | C50: Frontend | D50: ='Check Now 26.17 Analysis'!Q192 -> 0 | G50: Front End | H50: ='Check Now 26.17 Analysis'!P233 -> 0.058823529
B51: Galal Torkey <gtorkey@youxel.com> | C51: Testing | D51: ='Check Now 26.17 Analysis'!Q193 -> 0 | G51: Testing | H51: ='Check Now 26.17 Analysis'!P234 -> 0
B52: Hussein Abdallah <habdallah@youxel.com> | C52: Frontend | D52: ='Check Now 26.17 Analysis'!Q194 -> 0 | G52: Grand Total | H52: ='Check Now 26.17 Analysis'!P235 -> 0.058139535
B53: Mahmoud Adel Ali <madeel@youxel.com> | C53: Development | D53: ='Check Now 26.17 Analysis'!Q195 -> 0.058823529
B54: Mahmoud Ibrahim Elfeqy <mfeqy@youxel.com> | C54: Development | D54: ='Check Now 26.17 Analysis'!Q196 -> 0.27272727
B55: Mariam Mohamed Saeed <msaeed@youxel.com> | C55: Design | D55: ='Check Now 26.17 Analysis'!Q197 -> 0
B56: Mohamed Mustafa Farrag <mfarrag@youxel.com> | C56: Frontend | D56: ='Check Now 26.17 Analysis'!Q198 -> 0
B57: Salma Sameh <ssameh@youxel.com> | C57: Design | D57: ='Check Now 26.17 Analysis'!Q199 -> 0
B58: Shimaa Mohamed Elsayed <shhadad@youxel.com> | C58: Design | D58: ='Check Now 26.17 Analysis'!Q200 -> 0.125
B59: Grand Total | D59: ='Check Now 26.17 Analysis'!Q201 -> 0.058139535
B61: Team member | C61: Team | D61: Actual productivity | E61: Productivity Index
B62: Ahmed Talaat <atalaat@youxel.com> | C62: Development | D62: ='Check Now 26.17 Analysis'!J239 -> 1 | E62: ='Check Now 26.17 Analysis'!K239 -> 2.4230769
B63: Alaa Ezzat <aezzat@youxel.com> | C63: Frontend | D63: ='Check Now 26.17 Analysis'!J240 -> 1.4285714 | E63: ='Check Now 26.17 Analysis'!K240 -> 1.5929204
B64: Enas Diab <ediab@youxel.com> | C64: Frontend | D64: ='Check Now 26.17 Analysis'!J241 -> 0.38888889 | E64: ='Check Now 26.17 Analysis'!K241 -> 1.1666667
B65: Galal Torkey <gtorkey@youxel.com> | C65: Testing | D65: ='Check Now 26.17 Analysis'!J242 -> 1.4214286 | E65: ='Check Now 26.17 Analysis'!K242 -> 1.0257732
B66: Hussein Abdallah <habdallah@youxel.com> | C66: Frontend | D66: ='Check Now 26.17 Analysis'!J243 -> 1.1 | E66: ='Check Now 26.17 Analysis'!K243 -> 1.6041667
B67: Mahmoud Adel Ali <madeel@youxel.com> | C67: Development | D67: ='Check Now 26.17 Analysis'!J244 -> 1.8571429 | E67: ='Check Now 26.17 Analysis'!K244 -> 1.106383
B68: Mahmoud Ibrahim Elfeqy <mfeqy@youxel.com> | C68: Development | D68: ='Check Now 26.17 Analysis'!J245 -> 1.2142857 | E68: ='Check Now 26.17 Analysis'!K245 -> 1.328125
B69: Mariam Mohamed Saeed <msaeed@youxel.com> | C69: Design | D69: ='Check Now 26.17 Analysis'!J246 -> 1.5975714 | E69: ='Check Now 26.17 Analysis'!K246 -> 1.7473437
B70: Mohamed Mustafa Farrag <mfarrag@youxel.com> | C70: Frontend | D70: ='Check Now 26.17 Analysis'!J247 -> 0.63265306 | E70: ='Check Now 26.17 Analysis'!K247 -> 0.63265306
B71: Salma Sameh <ssameh@youxel.com> | C71: Design | D71: ='Check Now 26.17 Analysis'!J248 -> 1.5702857 | E71: ='Check Now 26.17 Analysis'!K248 -> 1.2350562
B72: Shimaa Mohamed Elsayed <shhadad@youxel.com> | C72: Design | D72: ='Check Now 26.17 Analysis'!J249 -> 1.4398413 | E72: ='Check Now 26.17 Analysis'!K249 -> 1.3640602
B73: Grand Total | D73: ='Check Now 26.17 Analysis'!J250 -> 1.2881765 | E73: ='Check Now 26.17 Analysis'!K250 -> 1.3152553

Sheet Kpi Indicators
B2: Row Labels | C2: Performance Rate | D2: Weight | E2: Utilization Per Staff | F2: Weight | G2: Done Tasks % | H2: Weight | I2: KPI
B3: Ahmed Talaat <atalaat@youxel.com> | C3: ='Check Now 26.17 Analysis'!P51 -> 0.35616438 | D3: 0.2 | E3: ='Check Now 26.17 Analysis'!Q51 -> 1 | F3: 0.1 | G3: ='Check Now 26.17 Analysis'!Q95 -> 1 | H3: 0.7 | I3: =(C3*D3)+(E3*F3)+(G3*H3) -> 0.87123288
B4: Alaa Ezzat <aezzat@youxel.com> | C4: ='Check Now 26.17 Analysis'!P52 -> 0.57070707 | D4: 0.2 | E4: ='Check Now 26.17 Analysis'!Q52 -> 1.4285714 | F4: 0.1 | G4: ='Check Now 26.17 Analysis'!Q96 -> 0.8 | H4: 0.7 | I4: =(C4*D4)+(E4*F4)+(G4*H4) -> 0.81699856
B5: Enas Diab <ediab@youxel.com> | C5: ='Check Now 26.17 Analysis'!P53 -> 0.8 | D5: 0.2 | E5: ='Check Now 26.17 Analysis'!Q53 -> 0.38888889 | F5: 0.1 | G5: ='Check Now 26.17 Analysis'!Q97 -> 1 | H5: 0.7 | I5: =(C5*D5)+(E5*F5)+(G5*H5) -> 0.89888889
B6: Galal Torkey <gtorkey@youxel.com> | C6: ='Check Now 26.17 Analysis'!P54 -> 0.91079812 | D6: 0.2 | E6: ='Check Now 26.17 Analysis'!Q54 -> 1.4214286 | F6: 0.1 | G6: ='Check Now 26.17 Analysis'!Q98 -> 0.96666667 | H6: 0.7 | I6: =(C6*D6)+(E6*F6)+(G6*H6) -> 1.0009691
B7: Hussein Abdallah <habdallah@youxel.com> | C7: ='Check Now 26.17 Analysis'!P55 -> 0.61935484 | D7: 0.2 | E7: ='Check Now 26.17 Analysis'!Q55 -> 1.1 | F7: 0.1 | G7: ='Check Now 26.17 Analysis'!Q99 -> 1 | H7: 0.7 | I7: =(C7*D7)+(E7*F7)+(G7*H7) -> 0.93387097
B8: Mahmoud Adel Ali <madeel@youxel.com> | C8: ='Check Now 26.17 Analysis'!P56 -> 0.90384615 | D8: 0.2 | E8: ='Check Now 26.17 Analysis'!Q56 -> 1.8571429 | F8: 0.1 | G8: ='Check Now 26.17 Analysis'!Q100 -> 1 | H8: 0.7 | I8: =(C8*D8)+(E8*F8)+(G8*H8) -> 1.0664835
B9: Mahmoud Ibrahim Elfeqy <mfeqy@youxel.com> | C9: ='Check Now 26.17 Analysis'!P57 -> 0.75294118 | D9: 0.2 | E9: ='Check Now 26.17 Analysis'!Q57 -> 1.2142857 | F9: 0.1 | G9: ='Check Now 26.17 Analysis'!Q101 -> 1 | H9: 0.7 | I9: =(C9*D9)+(E9*F9)+(G9*H9) -> 0.97201681
B10: Mariam Mohamed Saeed <msaeed@youxel.com> | C10: ='Check Now 26.17 Analysis'!P58 -> 0.52857615 | D10: 0.2 | E10: ='Check Now 26.17 Analysis'!Q58 -> 1.5975714 | F10: 0.1 | G10: ='Check Now 26.17 Analysis'!Q102 -> 0.78947368 | H10: 0.7 | I10: =(C10*D10)+(E10*F10)+(G10*H10) -> 0.81810395
B11: Mohamed Mustafa Farrag <mfarrag@youxel.com> | C11: ='Check Now 26.17 Analysis'!P59 -> 0.98989899 | D11: 0.2 | E11: ='Check Now 26.17 Analysis'!Q59 -> 0.63265306 | F11: 0.1 | G11: ='Check Now 26.17 Analysis'!Q103 -> 0.64285714 | H11: 0.7 | I11: =(C11*D11)+(E11*F11)+(G11*H11) -> 0.7112451
B12: Salma Sameh <ssameh@youxel.com> | C12: ='Check Now 26.17 Analysis'!P60 -> 0.76447346 | D12: 0.2 | E12: ='Check Now 26.17 Analysis'!Q60 -> 1.5702857 | F12: 0.1 | G12: ='Check Now 26.17 Analysis'!Q104 -> 1 | H12: 0.7 | I12: =(C12*D12)+(E12*F12)+(G12*H12) -> 1.0099233
B13: Shimaa Mohamed Elsayed <shhadad@youxel.com> | C13: ='Check Now 26.17 Analysis'!P61 -> 0.70400169 | D13: 0.2 | E13: ='Check Now 26.17 Analysis'!Q61 -> 1.4398413 | F13: 0.1 | G13: ='Check Now 26.17 Analysis'!Q105 -> 1 | H13: 0.7 | I13: =(C13*D13)+(E13*F13)+(G13*H13) -> 0.98478447
B14: Grand Total | C14: ='Check Now 26.17 Analysis'!P62 -> 0.70741189 | D14: 0.2 | E14: ='Check Now 26.17 Analysis'!Q62 -> 1.2881765 | F14: 0.1 | G14: ='Check Now 26.17 Analysis'!Q106 -> 0.91860465 | H14: 0.7 | I14: =(C14*D14)+(E14*F14)+(G14*H14) -> 0.91332328
B16: Team | C16: Performance Rate | D16: Weight | E16: Utilization Per Staff | F16: Weight | G16: Done Tasks % | H16: Weight | I16: KPI
B17: Design | C17: ='Check Now 26.17 Analysis'!P88 -> 0.66122424 | D17: 0.2 | E17: ='Check Now 26.17 Analysis'!Q88 -> 1.5392118 | F17: 0.1 | G17: ='Check Now 26.17 Analysis'!Q132 -> 0.93220339 | H17: 0.7 | I17: =(C17*D17)+(E17*F17)+(G17*H17) -> 0.9387084
B18: Development | C18: ='Check Now 26.17 Analysis'!P89 -> 0.70229008 | D18: 0.2 | E18: ='Check Now 26.17 Analysis'!Q89 -> 1.3333333 | F18: 0.1 | G18: ='Check Now 26.17 Analysis'!Q133 -> 1 | H18: 0.7 | I18: =(C18*D18)+(E18*F18)+(G18*H18) -> 0.97379135
B19: Front End | C19: ='Check Now 26.17 Analysis'!P90 -> 0.68672199 | D19: 0.2 | E19: ='Check Now 26.17 Analysis'!Q90 -> 0.97247706 | F19: 0.1 | G19: ='Check Now 26.17 Analysis'!Q134 -> 0.82352941 | H19: 0.7 | I19: =(C19*D19)+(E19*F19)+(G19*H19) -> 0.81106269
B20: Testing | C20: ='Check Now 26.17 Analysis'!P91 -> 0.91079812 | D20: 0.2 | E20: ='Check Now 26.17 Analysis'!Q91 -> 1.4214286 | F20: 0.1 | G20: ='Check Now 26.17 Analysis'!Q135 -> 0.96666667 | H20: 0.7 | I20: =(C20*D20)+(E20*F20)+(G20*H20) -> 1.0009691
B21: Grand Total | C21: ='Check Now 26.17 Analysis'!P92 -> 0.70741189 | D21: 0.2 | E21: ='Check Now 26.17 Analysis'!Q92 -> 1.2881765 | F21: 0.1 | G21: ='Check Now 26.17 Analysis'!Q136 -> 0.91860465 | H21: 0.7 | I21: =(C21*D21)+(E21*F21)+(G21*H21) -> 0.91332328

Sheet Capacity
B2: CHECK NOW (Check Now 26.17)
B3: Team member | C3: Team | D3: Total Expected Working Hours per Sprint | E3: Total official vacation | F3: Total personal Days Off | G3: Remaining Capacity | I3: Team | J3: Now
B4: Ahmed Talaat <atalaat@youxel.com> | C4: Development | D4: =7*10 -> 70 | E4: 0 | F4: 1 | G4: =7*9 -> 63 | I4: Design | J4: =SUMIF(C4:C14,C13,G4:G14) -> 203
B5: Alaa Ezzat <aezzat@youxel.com> | C5: Frontend | D5: =7*10 -> 70 | E5: 0 | F5: 1 | G5: =7*9 -> 63 | I5: Development | J5: =SUMIF(C4:C14,C9,G4:G14) -> 189
B6: Enas Diab <ediab@youxel.com> | C6: Frontend | D6: =4*10 -> 40 | E6: 0 | F6: 1 | G6: =4*9 -> 36 | I6: Front End | J6: =SUMIF(C4:C14,C8,G4:G14) -> 218
B7: Galal Torkey <gtorkey@youxel.com> | C7: Testing | D7: =7*10 -> 70 | E7: 0 | F7: 0 | G7: =7*10 -> 70 | I7: Testing | J7: =SUMIF(C4:C14,C7,G4:G14) -> 70
B8: Hussein Abdallah <habdallah@youxel.com> | C8: Frontend | D8: =7*10 -> 70 | E8: 0 | F8: 0 | G8: =7*10 -> 70 | I8: IOS Dev | J8: =SUMIF(C4:C14,#REF!,G4:G14) -> 0
B9: Mahmoud Adel Ali <madeel@youxel.com> | C9: Development | D9: =7*10 -> 70 | E9: 0 | F9: 2 | G9: =7*8 -> 56 | I9: Andriod Dev | J9: =SUMIF(C4:C14,#REF!,G4:G14) -> 0
B10: Mahmoud Ibrahim Elfeqy <mfeqy@youxel.com> | C10: Development | D10: =7*10 -> 70 | E10: 0 | F10: 0 | G10: =7*10 -> 70 | I10: Total | J10: =SUM(J4:J9) -> 680
B11: Mariam Mohamed Saeed <msaeed@youxel.com> | C11: Design | D11: =7*10 -> 70 | E11: 0 | F11: 0 | G11: =7*10 -> 70
B12: Mohamed Mustafa Farrag <mfarrag@youxel.com> | C12: Frontend | D12: =7*10 -> 70 | E12: 0 | F12: 3 | G12: =7*7 -> 49
B13: Salma Sameh <ssameh@youxel.com> | C13: Design | D13: =7*10 -> 70 | E13: 0 | F13: 0 | G13: =7*10 -> 70
B14: Shimaa Mohamed Elsayed <shhadad@youxel.com> | C14: Design | D14: =7*10 -> 70 | E14: 0 | F14: 1 | G14: =7*9 -> 63
B15: Total | G15: =SUM(G4:G14) -> 680

Sheet Check Now 26.17
B2: Sprint Name: Check Now 26.17
B3: Date: 25 JAN to 05 FEB
B5: US
B6: EPIC | C6: Parent | D6: Work Item Type | E6: Title | F6: Story Points | G6: State | H6: Assigned To | I6: Original Estimate | J6: Completed Work | K6: Remaining Work | L6: Priority | M6: Severity | N6: Phase | O6: Dev delivery date | P6: QC Delivery date | Q6: Tags | R6: Task Category | S6: Activity
B7: CHECK UI Library | C7: 260293 | D7: User Story | E7: Breadcrumb Component | F7: 3 | G7: Ready for release | L7: 2 | Q7: CHECK UI Library
B8: CHECK UI Library | C8: 227974 | D8: User Story | E8: Lottie Component | F8: 3 | G8: Ready for release | L8: 2 | Q8: CHECK UI Library
B9: CHECK UI Library | C9: 228363 | D9: User Story | E9: Input Switch Component | F9: 5 | G9: Ready for release | L9: 2 | N9: Development | Q9: CHECK UI Library
B10: CHECK UI Library | C10: 228369 | D10: User Story | E10: Galleria Component | F10: 3 | G10: Ready for release | L10: 2 | Q10: CHECK UI Library
B11: CHECK UI Library | C11: 255494 | D11: User Story | E11: Table component | F11: 3 | G11: In Development | L11: 2 | Q11: CHECK UI Library
B12: CHECK UI Library | C12: 227974 | D12: User Story | E12: Design System Adjustments | F12: 5 | G12: Active | L12: 2 | Q12: CHECK UI Library
B13: Communication Module (Messages) | C13: 228964 | D13: User Story | E13: Create Chat App | F13: 8 | G13: In Development | L13: 1 | Q13: Communication Module (Messages)
B14: Communication Module (Messages) | C14: 228960 | D14: User Story | E14: As a user I can send text message in a conversation | F14: 5 | G14: In Development | L14: 1 | Q14: Communication Module (Messages)
B15: Communication Module (Messages) | C15: 228960 | D15: User Story | E15: As a user I can see list of my conversations | F15: 3 | G15: In Development | L15: 1 | Q15: Communication Module (Messages)
B16: Communication Module (Messages) | C16: 228960 | D16: User Story | E16: As a user I can start new conversation | F16: 3 | G16: Ready For Testing | L16: 1 | Q16: Communication Module (Messages)
B17: Communication Module (Messages) | C17: 228960 | D17: User Story | E17: As a user I can reply on any message | F17: 5 | G17: Ready For Review | L17: 2 | Q17: Communication Module (Messages)
B18: Communication Module (Messages) | C18: 228960 | D18: User Story | E18: As a user I can delete my messages | F18: 3 | G18: Done Development | L18: 1 | Q18: Communication Module (Messages)
B19: Communication Module (Messages) | C19: 228960 | D19: User Story | E19: As a user I can mark message as unread | F19: 5 | G19: Ready For Testing | L19: 2 | Q19: Communication Module (Messages)
B20: Communication Module (Messages) | C20: 228960 | D20: User Story | E20: As a user I can send attachment in a conversation | F20: 5 | G20: In Development | L20: 2 | Q20: Communication Module (Messages)
B21: Communication Module (Messages) | C21: 228960 | D21: User Story | E21: As a user I can forward a message | F21: 5 | G21: In Development | L21: 2 | Q21: Communication Module (Messages)
... B28: Administration Module | C28: 241399 | D28: User Story | E28: Administration Portal API | F28: 5 | G28: In Development | L28: 2 | Q28: Administration Module
B29: Administration Module | C29: 241399 | D29: User Story | E29: Locations Flat Relations | F29: 3 | G29: Done Development | L29: 2
B30: Administration Module | C30: 195967 | D30: User Story | E30: Set/Edit Company information | F30: 3 | G30: Ready For Testing | L30: 1 | Q30: Administration Module
B31: Administration Module | C31: 195967 | D31: User Story | E31: Multitenancy | F31: 8 | G31: Done Development | L31: 2 | Q31: Administration Module
B32: Administration Module | C32: 195967 | D32: User Story | E32: Upload/Change Company Logo | F32: 3 | G32: Ready For Testing | L32: 1 | Q32: Administration Module
B33: Administration Module | C33: 195967 | D33: User Story | E33: Set Company Identity | F33: 5 | G33: Ready For Testing | L33: 1 | Q33: Administration Module
B34: Administration Module | C34: 195967 | D34: User Story | E34: Set / Edit the supported langauges | F34: 5 | G34: Ready For Testing | L34: 1 | Q34: Administration Module
B35: Administration Module | C35: 195968 | D35: User Story | E35: User should be able to view POI categories | F35: 3 | G35: Ready For Testing | L35: 1 | Q35: Administration Module
B36: Administration Module | C36: 195968 | D36: User Story | E36: User should be able to manage location subcategory | F36: 5 | G36: Ready For Testing | L36: 2 | Q36: Administration Module
B37: Administration Module | C37: 195968 | D37: User Story | E37: User should be able to manage Location categories | F37: 5 | G37: Ready For Testing | L37: 2 | Q37: Administration Module
B38: Administration Module | C38: 195968 | D38: User Story | E38: User should be able to manage location importance | F38: 5 | G38: Ready For Testing | L38: 2 | Q38: Administration Module
B39: Administration Module | C39: 195968 | D39: User Story | E39: User should be able to manage location account | F39: 5 | G39: Ready For Testing | L39: 2 | Q39: Administration Module
B40: Administration Module | C40: 195968 | D40: User Story | E40: User should be able to view location tree (org chart) | F40: 8 | G40: Ready For Testing | L40: 1 | Q40: Administration Module
B41: Administration Module | C41: 195968 | D41: User Story | E41: User should be able to add location optional information | F41: 5 | G41: Ready For Review | L41: 1 | Q41: Administration Module
... B50: Administration Module | C50: 195969 | D50: User Story | E50: Manage KPI Indicators (CRUD + Localization) | F50: 5 | G50: In Development | L50: 2 | Q50: Administration Module
B51: Administration Module | C51: 195969 | D51: User Story | E51: Kpi Definistion Form | F51: 5 | G51: Ready For Review | L51: 2 | N51: Development | Q51: Administration Module
B52: Administration Module | C52: 195969 | D52: User Story | E52: Kpi Definisions View | F52: 5 | G52: Ready For Testing | L52: 2 | Q52: Administration Module
B53: Workflow Library | C53: 193289 | D53: User Story | E53: Create Workflow System | F53: 5 | G53: In Development | L53: 2 | Q53: Workflow Library
B54: Learning, Development, and Process Improvement | C54: 240010 | D54: User Story | E54: Automation Testing Cycle | F54: 0 | G54: Active | L54: 2 | N54: Testing
B55: Learning, Development, and Process Improvement | C55: 260486 | D55: User Story | E55: CMMI Reports | F55: 0 | G55: Released | L55: 2 | Q55: CMMI
B56: Meetings & Support | C56: 247821 | D56: User Story | E56: Meeting logs iteration 26.17 | F56: 0 | G56: Released | L56: 2
B58: US + All
B59: EPIC | C59: Parent | D59: Work Item Type | E59: Title | F59: Story Points | G59: State | H59: Assigned To | I59: Original Estimate | J59: Completed Work | K59: Remaining Work | L59: Priority | M59: Severity | N59: Phase | O59: Dev delivery date | P59: QC Delivery date | Q59: Tags | R59: Task Category | S59: Activity
B60: CHECK UI Library | C60: 260293 | D60: User Story | E60: Breadcrumb Component | F60: 3 | G60: Ready for release | L60: 2 | Q60: CHECK UI Library
C61: 260177 | D61: Task | E61: Breadcrumb inputs/outputs | G61: Done | H61: Enas Diab <ediab@youxel.com> | I61: 3 | J61: 6 | K61: 0 | L61: 2 | R61: Development | S61: Front End
C62: 260177 | D62: Task | E62: BreadCrumb-menu | G62: Done | H62: Enas Diab <ediab@youxel.com> | I62: 5 | J62: 4 | K62: 1 | L62: 2 | R62: Development | S62: Front End
B63: CHECK UI Library | C63: 227974 | D63: User Story | E63: Lottie Component | F63: 3 | G63: Ready for release | L63: 2 | Q63: CHECK UI Library
C64: 251892 | D64: Task | E64: Create Lottie Component Structure & inputs | G64: Done | H64: Hussein Abdallah <habdallah@youxel.com> | I64: 2 | J64: 2 | K64: 0 | L64: 2 | Q64: MidSprint_Addition | R64: Development | S64: Front End
C65: 251892 | D65: Task | E65: UI: Lottie Color | G65: Done | H65: Shimaa Mohamed Elsayed <shhadad@youxel.com> | I65: 4 | J65: 13.67 | K65: 0 | L65: 2 | R65: Design | S65: Design
B66: CHECK UI Library | C66: 228363 | D66: User Story | E66: Input Switch Component | F66: 5 | G66: Ready for release | L66: 2 | N66: Development | Q66: CHECK UI Library
C67: 233816 | D67: Task | E67: UI:: Toggle Button | G67: Done | H67: Shimaa Mohamed Elsayed <shhadad@youxel.com> | I67: 4 | J67: 2.5 | K67: 0 | L67: 2 | R67: Design | S67: Design
B68: CHECK UI Library | C68: 228369 | D68: User Story | E68: Galleria Component | F68: 3 | G68: Ready for release | L68: 2 | Q68: CHECK UI Library
C69: 233934 | D69: Task | E69: FE :: Edit in galleria component in UI kit | G69: Done | H69: Hussein Abdallah <habdallah@youxel.com> | I69: 3 | J69: 3 | K69: 0 | L69: 2 | R69: Development | S69: Front End
B70: CHECK UI Library | C70: 255494 | D70: User Story | E70: Table component | F70: 3 | G70: In Development | L70: 2 | Q70: CHECK UI Library
C71: 255495 | D71: Task | E71: FE:: Add action menu column to table | G71: Done | H71: Hussein Abdallah <habdallah@youxel.com> | I71: 4 | J71: 4 | K71: 0 | L71: 2 | R71: Development | S71: Front End
C72: 255495 | D72: Task | E72: Design :: Unify status and tag components | G72: Active | H72: Mariam Mohamed Saeed <msaeed@youxel.com> | I72: 5 | J72: 4.4 | K72: 0.6 | L72: 2 | R72: Design | S72: Design
B73: CHECK UI Library | C73: 227974 | D73: User Story | E73: Design System Adjustments | F73: 5 | G73: Active | L73: 2 | Q73: CHECK UI Library
C74: 250832 | D74: Task | E74: UI:: Contextual Button Component | G74: Ready For Review | H74: Shimaa Mohamed Elsayed <shhadad@youxel.com> | I74: 5 | J74: 5 | K74: 0 | L74: 2 | R74: Design | S74: Design
C75: 250832 | D75: Task | E75: Design system: date and time documentation | G75: Done | H75: Mariam Mohamed Saeed <msaeed@youxel.com> | I75: 3 | J75: 7.67 | K75: 0 | L75: 2 | R75: Design | S75: Design
C76: 250832 | D76: Task | E76: design systems: create date and time component | G76: Done | H76: Mariam Mohamed Saeed <msaeed@youxel.com> | I76: 5 | J76: 16.34 | K76: 0 | L76: 2 | R76: Design | S76: Design
C77: 250832 | D77: Task | E77: UI:: DropDown/Checkboxes/Radio:: Add other option & Input | G77: Done | H77: Mariam Mohamed Saeed <msaeed@youxel.com> | I77: 3 | J77: 3.5 | K77: 0 | L77: 2 | R77: Design | S77: Design
C78: 250832 | D78: Task | E78: Design system: typography | G78: Done | H78: Mariam Mohamed Saeed <msaeed@youxel.com> | I78: 2 | J78: 14.5 | K78: 0 | L78: 2 | R78: Design | S78: Design
C79: 250832 | D79: Task | E79: UI:: Text Area:: Rich text editor | G79: Done | H79: Mariam Mohamed Saeed <msaeed@youxel.com> | I79: 3 | J79: 3.92 | K79: 0 | L79: 2 | R79: Design | S79: Design
C80: 250832 | D80: Task | E80: Design system: Side Menu Documentation and add new variants | G80: Done | H80: Mariam Mohamed Saeed <msaeed@youxel.com> | I80: 6 | J80: 7.07 | K80: 0 | L80: 2 | R80: Design | S80: Design
C81: 250832 | D81: Task | E81: UI:: Tree Select:: Documentation | G81: Done | H81: Mariam Mohamed Saeed <msaeed@youxel.com> | I81: 4 | J81: 6 | K81: 0 | L81: 2 | R81: Documentation | S81: Design
C82: 250832 | D82: Task | E82: UI:: Tree Select:: Build Component | G82: Done | H82: Mariam Mohamed Saeed <msaeed@youxel.com> | I82: 5 | J82: 10.5 | K82: 0 | L82: 2 | R82: Design | S82: Design
C83: 250832 | D83: Task | E83: UI:: Split button- Documentation | G83: Done | H83: Mariam Mohamed Saeed <msaeed@youxel.com> | I83: 3 | J83: 4.5 | K83: 0 | L83: 2 | R83: Documentation | S83: Design
C84: 250832 | D84: Task | E84: UI:: Split button- Create Components | G84: Ready For Review | H84: Mariam Mohamed Saeed <msaeed@youxel.com> | I84: 7 | J84: 17 | K84: 0 | L84: 2 | R84: Design | S84: Design
C85: 250832 | D85: Task | E85: UX:: Documentation Tabs / Tab Category | G85: Done | H85: Mariam Mohamed Saeed <msaeed@youxel.com> | I85: 4 | J85: 2 | K85: 2 | L85: 2 | R85: Documentation | S85: Design
... C98: 250832 | D98: Task | E98: UX:: Documentation:: Difference between Contextual Button / Link | G98: Ready For Review | H98: Shimaa Mohamed Elsayed <shhadad@youxel.com> | I98: 3 | J98: 4.25 | K98: 0 | L98: 2 | R98: Documentation | S98: Design
B99: Communication Module (Messages) | C99: 228964 | D99: User Story | E99: Create Chat App | F99: 8 | G99: In Development | L99: 1 | Q99: Communication Module (Messages)
B100: Communication Module (Messages) | C100: 228960 | D100: User Story | E100: As a user I can send text message in a conversation | F100: 5 | G100: In Development | L100: 1 | Q100: Communication Module (Messages)
C101: 242628 | D101: Bug | E101: Typing indicator appears immediately upon opening a conversation without typing | G101: Closed | H101: Galal Torkey <gtorkey@youxel.com> | I101: 0 | J101: 0.5 | K101: 0 | L101: 3 | M101: 2 - High | S101: Front End
C102: 242628 | D102: Bug | E102: Typing indicator is triggered when focusing and unfocusing the input field without typing | G102: Closed | H102: Galal Torkey <gtorkey@youxel.com> | I102: 0 | J102: 0 | K102: 0 | L102: 3 | M102: 2 - High | S102: Front End
C103: 242628 | D103: Bug | E103: Typing indicator is displayed to the receiver after the sender successfully sends image attachments, even though no text input or typing action occurs. | G103: Closed | H103: Galal Torkey <gtorkey@youxel.com> | I103: 0 | J103: 0 | K103: 0 | L103: 3 | M103: 2 - High | S103: Front End
C104: 242628 | D104: Bug | E104: New Messages Indicator does not appear when a new message is received in Full Screen Chat | G104: Closed | H104: Galal Torkey <gtorkey@youxel.com> | I104: 0 | J104: 0 | K104: 0 | L104: 3 | M104: 4 - Low | S104: Front End
C105: 242628 | D105: Task | E105: FE:: Seen Message Logic | G105: Done | H105: Enas Diab <ediab@youxel.com> | I105: 4 | J105: 4 | K105: 0 | L105: 2 | Q105: Next Sprint | R105: Development | S105: Front End
C106: 242628 | D106: Task | E106: FE:: Scroll to bottom and "New Messages" Button Cycle | G106: Done | H106: Alaa Ezzat <aezzat@youxel.com> | I106: 4 | J106: 4 | K106: 0 | L106: 2 | Q106: Ad-hoc | R106: Development | S106: Front End
C107: 242628 | D107: Task | E107: QC:: Automate Test Cases | G107: Done | H107: Galal Torkey <gtorkey@youxel.com> | I107: 14 | J107: 15 | K107: 0 | L107: 2 | R107: Test Automation | S107: Testing
B108: Communication Module (Messages) | C108: 228960 | D108: User Story | E108: As a user I can see list of my conversations | F108: 3 | G108: In Development | L108: 1 | Q108: Communication Module (Messages)
C109: 247747 | D109: Task | E109: UI:: Message Types Enhancement | G109: Done | H109: Shimaa Mohamed Elsayed <shhadad@youxel.com> | I109: 2 | J109: 1.5 | K109: 0 | L109: 2 | Q109: Ad-hoc | R109: Design | S109: Design
C110: 247747 | D110: Bug | E110: Conversation list does not show latest conversations after login until page refresh | G110: New | H110: Mohamed Mustafa Farrag <mfarrag@youxel.com> | I110: 0 | J110: 0 | K110: 0.5 | L110: 2 | M110: 2 - High | S110: Front End
B111: Communication Module (Messages) | C111: 228960 | D111: User Story | E111: As a user I can start new conversation | F111: 3 | G111: Ready For Testing | L111: 1 | Q111: Communication Module (Messages)
C112: 247748 | D112: Task | E112: QC:: Automate Test Cases | G112: Done | H112: Galal Torkey <gtorkey@youxel.com> | I112: 14 | J112: 15 | K112: 0 | L112: 2 | R112: Test Automation | S112: Testing
C113: 247748 | D113: Bug | E113: Search does not return user when typing the full exact name while creating a new conversation | G113: Resolved | H113: Galal Torkey <gtorkey@youxel.com> | I113: 0 | J113: 2 | K113: 0 | L113: 2 | M113: 2 - High | S113: Development
B114: Communication Module (Messages) | C114: 228960 | D114: User Story | E114: As a user I can reply on any message | F114: 5 | G114: Ready For Review | L114: 2 | Q114: Communication Module (Messages)
C115: 244767 | D115: Task | E115: FE:: Jump to Message integration | G115: Done | H115: Alaa Ezzat <aezzat@youxel.com> | I115: 4 | J115: 4 | K115: 0 | L115: 2 | R115: Development | S115: Front End
C116: 244767 | D116: Task | E116: FE:: Fetch Messages while Scrolling Up/Down | G116: Done | H116: Alaa Ezzat <aezzat@youxel.com> | I116: 5 | J116: 5 | K116: 0 | L116: 2 | R116: Development | S116: Front End
C117: 244767 | D117: Task | E117: FE:: Handle Socket Updates in Anchor Mode | G117: Done | H117: Alaa Ezzat <aezzat@youxel.com> | I117: 2 | J117: 3 | K117: 0 | L117: 2 | R117: Development | S117: Front End
C118: 244767 | D118: Task | E118: FE:: Start Point for anchor Mode | G118: Done | H118: Alaa Ezzat <aezzat@youxel.com> | I118: 3 | J118: 3 | K118: 0 | L118: 2 | R118: Development | S118: Front End
C119: 244767 | D119: Task | E119: FE:: Verify common properties (notes) with anchor mode | G119: Ready For Review | H119: Alaa Ezzat <aezzat@youxel.com> | I119: 4 | J119: 3 | K119: 1 | L119: 2 | R119: Development | S119: Front End
C120: 244767 | D120: Task | E120: FE:: Exit Anchor Mode When Sending Message to see pending messages | G120: Done | H120: Alaa Ezzat <aezzat@youxel.com> | I120: 2 | J120: 5 | K120: 0 | L120: 2 | R120: Development | S120: Front End
C121: 244767 | D121: Task | E121: FE:: Update Has More Flags | G121: Done | H121: Alaa Ezzat <aezzat@youxel.com> | I121: 4 | J121: 4 | K121: 0 | L121: 2 | Q121: Ad-hoc | R121: Development | S121: Front End
C122: 244767 | D122: Task | E122: FE:: Anchor Mode Investigation | G122: Done | H122: Alaa Ezzat <aezzat@youxel.com> | I122: 0 | J122: 20.5 | K122: 0 | L122: 2 | R122: Development | S122: Front End
B123: Communication Module (Messages) | C123: 228960 | D123: User Story | E123: As a user I can delete my messages | F123: 3 | G123: Done Development | L123: 1 | Q123: Communication Module (Messages)
C124: 244764 | D124: Bug | E124: Undo option disappears after switching to another conversation | G124: On Hold | H124: Alaa Ezzat <aezzat@youxel.com> | I124: 0 | J124: 0 | K124: 0 | L124: 3 | M124: 2 - High | S124: Front End
C125: 244764 | D125: Task | E125: FE:: Add Undo Text button type | G125: Done | H125: Alaa Ezzat <aezzat@youxel.com> | I125: 0.5 | J125: 0.5 | K125: 0 | L125: 2 | R125: Development | S125: Front End
B126: Communication Module (Messages) | C126: 228960 | D126: User Story | E126: As a user I can mark message as unread | F126: 5 | G126: Ready For Testing | L126: 2 | Q126: Communication Module (Messages)
C127: 244770 | D127: Bug | E127: Unread marker is displayed above a deleted message when marking the following message as unread | G127: Closed | H127: Galal Torkey <gtorkey@youxel.com> | I127: 0 | J127: 2 | K127: 0 | L127: 3 | M127: 2 - High | S127: Development
C128: 244770 | D128: Task | E128: Fix::. Unread marker is displayed above a deleted message when marking the following message as unread | G128: Done | H128: Mahmoud Ibrahim Elfeqy <mfeqy@youxel.com> | I128: 2 | J128: 2 | K128: 0 | L128: 2 | Q128: Bug Fixing Actual Effort | R128: Development | S128: Development
B129: Communication Module (Messages) | C129: 228960 | D129: User Story | E129: As a user I can send attachment in a conversation | F129: 5 | G129: In Development | L129: 2 | Q129: Communication Module (Messages)
...

Sheet Check Now 26.17 Analysis
B2: Sprint Name: Check Now 26.17
B3: Date: 25 JAN to 05 FEB
B5: Item | C5: Check Now 26.17
B6: Escaped Bugs | C6: 0
B7: MidSprint_Addition | C7: =D151 -> 2
B8: Ad-hoc | C8: =D201 -> 10
B9: Planned SP | C9: 57
B10: Actual SP | C10: 102
B11: Estimated Development Effort | C11: 569
B12: Total Actual Development Effort | C12: 776.46
B13: Estimated Testing Effort | C13: 97
B14: Total Actual Testing Effort | C14: 99.5
B15: Bug Fixing Actual Effort | C15: 2
B16: Sum of Actual Hours | C16: =D48 -> 875.96
B17: Sum of Working Hours | C17: =Capacity!G15 -> 680
B19: Measure | C19: Description | D19: Calculation | E19: Frequency | F19: Analysis
B20: Completion rate | C20: Measures the difference between the actual done story points VS. the Planned story points | D20: Actual SP / Planned SP | E20: Sprint | F20: +90%
B21: Effort estimation accuracy percentage | C21: Total Planned Development hours / Total Actual Development Hours | D21: Sum Total Planned hours/Total Actual Dev. Effort) | E21: Sprint | F21: 90% - till 120%
B22: Project Rework Rate | C22: Project Calculate man hours used in fixing the bugs returned from testing compared to the total actual dev. hours. | D22: Bug Fixing Actual Effort /Total Actual Dev. Effort) *100 | E22: Sprint | F22: 0% – 10%
B23: Escaped Bugs | C23: defects that bypass one or more testing or quality assurance stages and are later post released | D23: Number of bypass one or more testing or quality assurance stages | E23: Sprint / release | F23: 2% -15%
B24: Utilization | C24: This measure is related to the Actual effort VS. working hours | D24: (Sum of Actual hours / Sum working hours) *100 | E24: Sprint | F24: (90%-100%
B25: Effort Variance | C25: Calculate the variance of the estimated dev. Hours compared to the total actual dev. hours. | D25: ((Total Actual Dev. Effort - Estimated Dev. Effort)/ Estimated Dev. Effort )*100 | E25: Sprint | F25: 5 – 10%
B27: Measure | C27: Description | D27: Formula | E27: Value | F27: Target Range | G27: Status
B28: Completion Rate | C28: Measures the difference between the actual done story points vs. the planned story points | D28: 102 / 57 | E28: 1.7895 | F28: ≥ 90% | G28: ⚠️ Over-commitment
B29: Effort Estimation Accuracy % (Dev) | C29: Planned development hours vs. actual development hours | D29: 569 / 776 | E29: 0.7332 | F29: 90% – 120% | G29: ❌ Under-estimated
B30: Project Rework Rate | C30: Bug fixing effort compared to total actual development effort | D30: (2 / 776) × 100 | E30: 0.0026 | F30: 0% – 10% | G30: ✅ Healthy
B31: Escaped Bugs | C31: Defects found after release | D31: Count = 0 | E31: 0 bugs | F31: 2% – 15% | G31: ⚠️ Below Expected*
B32: Utilization | C32: Actual effort vs. available working hours | D32: (876 / 680) × 100 | E32: 1.2882 | F32: 90% – 100% | G32: ❌ Over-utilized
B33: Effort Variance (Dev) | C33: Variance between estimated and actual development effort | D33: ((776 − 569) / 569) × 100 | E33: 0.364 | F33: 5% – 10% | G33: ❌ High Variance
B36: Row Labels | C36: Sum of Original Estimate | D36: Sum of Completed Work | E36: Sum of Remaining Work
B37: Ahmed Talaat <atalaat@youxel.com> | C37: 26 | D37: 63 | E37: 10
B38: Alaa Ezzat <aezzat@youxel.com> | C38: 56.5 | D38: 90 | E38: 9
B39: Enas Diab <ediab@youxel.com> | C39: 12 | D39: 14 | E39: 1
B40: Galal Torkey <gtorkey@youxel.com> | C40: 97 | D40: 99.5 | E40: 7
B41: Hussein Abdallah <habdallah@youxel.com> | C41: 48 | D41: 77 | E41: 0.5
B42: Mahmoud Adel Ali <madeel@youxel.com> | C42: 94 | D42: 104 | E42: 0
B43: Mahmoud Ibrahim Elfeqy <mfeqy@youxel.com> | C43: 64 | D43: 85 | E43: 0
B44: Mariam Mohamed Saeed <msaeed@youxel.com> | C44: 64 | D44: 111.83 | E44: 9.25
B45: Mohamed Mustafa Farrag <mfarrag@youxel.com> | C45: 49 | D45: 31 | E45: 18.5
B46: Salma Sameh <ssameh@youxel.com> | C46: 89 | D46: 109.92 | E46: 6.5
B47: Shimaa Mohamed Elsayed <shhadad@youxel.com> | C47: 66.5 | D47: 90.71 | E47: 3.75
B48: Grand Total | C48: =SUM(C37:C47) -> 666 | D48: =SUM(D37:D47) -> 875.96 | E48: =SUM(E37:E47) -> 65.5
B50: Row Labels | C50: Sum of Original Estimate | D50: Sum of Completed Work | E50: Sum of Remaining Work | F50: Performance Rate | G50: Capacity | H50: Utilization Per Staff | O50: Row Labels | P50: Performance Rate | Q50: Utilization Per Staff
B51: Ahmed Talaat <atalaat@youxel.com> | C51: =C37 -> 26 | D51: =D37 -> 63 | E51: =E37 -> 10 | F51: =C51/(D51+E51) -> 0.35616438 | G51: =7*9 -> 63 | H51: =D51/G51 -> 1 | O51: Ahmed Talaat <atalaat@youxel.com> | P51: =F51 -> 0.35616438 | Q51: =H51 -> 1
B52: Alaa Ezzat <aezzat@youxel.com> | C52: =C38 -> 56.5 | D52: =D38 -> 90 | E52: =E38 -> 9 | F52: =C52/(D52+E52) -> 0.57070707 | G52: =7*9 -> 63 | H52: =D52/G52 -> 1.4285714 | O52: Alaa Ezzat <aezzat@youxel.com> | P52: =F52 -> 0.57070707 | Q52: =H52 -> 1.4285714
B53: Enas Diab <ediab@youxel.com> | C53: =C39 -> 12 | D53: =D39 -> 14 | E53: =E39 -> 1 | F53: =C53/(D53+E53) -> 0.8 | G53: =4*9 -> 36 | H53: =D53/G53 -> 0.38888889 | O53: Enas Diab <ediab@youxel.com> | P53: =F53 -> 0.8 | Q53: =H53 -> 0.38888889
B54: Galal Torkey <gtorkey@youxel.com> | C54: =C40 -> 97 | D54: =D40 -> 99.5 | E54: =E40 -> 7 | F54: =C54/(D54+E54) -> 0.91079812 | G54: =7*10 -> 70 | H54: =D54/G54 -> 1.4214286 | O54: Galal Torkey <gtorkey@youxel.com> | P54: =F54 -> 0.91079812 | Q54: =H54 -> 1.4214286
B55: Hussein Abdallah <habdallah@youxel.com> | C55: =C41 -> 48 | D55: =D41 -> 77 | E55: =E41 -> 0.5 | F55: =C55/(D55+E55) -> 0.61935484 | G55: =7*10 -> 70 | H55: =D55/G55 -> 1.1 | O55: Hussein Abdallah <habdallah@youxel.com> | P55: =F55 -> 0.61935484 | Q55: =H55 -> 1.1
B56: Mahmoud Adel Ali <madeel@youxel.com> | C56: =C42 -> 94 | D56: =D42 -> 104 | E56: =E42 -> 0 | F56: =C56/(D56+E56) -> 0.90384615 | G56: =7*8 -> 56 | H56: =D56/G56 -> 1.8571429 | O56: Mahmoud Adel Ali <madeel@youxel.com> | P56: =F56 -> 0.90384615 | Q56: =H56 -> 1.8571429
B57: Mahmoud Ibrahim Elfeqy <mfeqy@youxel.com> | C57: =C43 -> 64 | D57: =D43 -> 85 | E57: =E43 -> 0 | F57: =C57/(D57+E57) -> 0.75294118 | G57: =7*10 -> 70 | H57: =D57/G57 -> 1.2142857 | O57: Mahmoud Ibrahim Elfeqy <mfeqy@youxel.com> | P57: =F57 -> 0.75294118 | Q57: =H57 -> 1.2142857
B58: Mariam Mohamed Saeed <msaeed@youxel.com> | C58: =C44 -> 64 | D58: =D44 -> 111.83 | E58: =E44 -> 9.25 | F58: =C58/(D58+E58) -> 0.52857615 | G58: =7*10 -> 70 | H58: =D58/G58 -> 1.5975714 | O58: Mariam Mohamed Saeed <msaeed@youxel.com> | P58: =F58 -> 0.52857615 | Q58: =H58 -> 1.5975714
B59: Mohamed Mustafa Farrag <mfarrag@youxel.com> | C59: =C45 -> 49 | D59: =D45 -> 31 | E59: =E45 -> 18.5 | F59: =C59/(D59+E59) -> 0.98989899 | G59: =7*7 -> 49 | H59: =D59/G59 -> 0.63265306 | O59: Mohamed Mustafa Farrag <mfarrag@youxel.com> | P59: =F59 -> 0.98989899 | Q59: =H59 -> 0.63265306
B60: Salma Sameh <ssameh@youxel.com> | C60: =C46 -> 89 | D60: =D46 -> 109.92 | E60: =E46 -> 6.5 | F60: =C60/(D60+E60) -> 0.76447346 | G60: =7*10 -> 70 | H60: =D60/G60 -> 1.5702857 | O60: Salma Sameh <ssameh@youxel.com> | P60: =F60 -> 0.76447346 | Q60: =H60 -> 1.5702857
B61: Shimaa Mohamed Elsayed <shhadad@youxel.com> | C61: =C47 -> 66.5 | D61: =D47 -> 90.71 | E61: =E47 -> 3.75 | F61: =C61/(D61+E61) -> 0.70400169 | G61: =7*9 -> 63 | H61: =D61/G61 -> 1.4398413 | O61: Shimaa Mohamed Elsayed <shhadad@youxel.com> | P61: =F61 -> 0.70400169 | Q61: =H61 -> 1.4398413
B62: Grand Total | C62: =SUM(C51:C61) -> 666 | D62: =SUM(D51:D61) -> 875.96 | E62: =SUM(E51:E61) -> 65.5 | F62: =C62/(D62+E62) -> 0.70741189 | G62: =SUM(G51:G61) -> 680 | H62: =D62/G62 -> 1.2881765 | O62: Grand Total | P62: =F62 -> 0.70741189 | Q62: =H62 -> 1.2881765
B64: Row Labels | C64: Sum of Original Estimate | D64: Sum of Completed Work | E64: Sum of Remaining Work | F64: Performance Rate | G64: Capacity | H64: Utilization Per Staff
B65: Mariam Mohamed Saeed <msaeed@youxel.com> | C65: =C58 -> 64 | D65: =D58 -> 111.83 | E65: =E58 -> 9.25 | F65: =C65/(D65+E65) -> 0.52857615 | G65: =G58 -> 70 | H65: =D65/G65 -> 1.5975714
B66: Salma Sameh <ssameh@youxel.com> | C66: =C60 -> 89 | D66: =D60 -> 109.92 | E66: =E60 -> 6.5 | F66: =C66/(D66+E66) -> 0.76447346 | G66: =G60 -> 70 | H66: =D66/G66 -> 1.5702857
B67: Shimaa Mohamed Elsayed <shhadad@youxel.com> | C67: =C61 -> 66.5 | D67: =D61 -> 90.71 | E67: =E61 -> 3.75 | F67: =C67/(D67+E67) -> 0.70400169 | G67: =G61 -> 63 | H67: =D67/G67 -> 1.4398413
B68: Grand Total | C68: =SUM(C65:C67) -> 219.5 | D68: =SUM(D65:D67) -> 312.46 | E68: =SUM(E65:E67) -> 19.5 | F68: =C68/(D68+E68) -> 0.66122424 | G68: =SUM(G65:G67) -> 203 | H68: =D68/G68 -> 1.5392118
B70: Row Labels | C70: Sum of Original Estimate | D70: Sum of Completed Work | E70: Sum of Remaining Work | F70: Performance Rate | G70: Capacity | H70: Utilization Per Staff
B71: Ahmed Talaat <atalaat@youxel.com> | C71: =C51 -> 26 | D71: =D51 -> 63 | E71: =E51 -> 10 | F71: =C71/(D71+E71) -> 0.35616438 | G71: =G51 -> 63 | H71: =D71/G71 -> 1
B72: Mahmoud Adel Ali <madeel@youxel.com> | C72: =C56 -> 94 | D72: =D56 -> 104 | E72: =E56 -> 0 | F72: =C72/(D72+E72) -> 0.90384615 | G72: =G56 -> 56 | H72: =D72/G72 -> 1.8571429
B73: Mahmoud Ibrahim Elfeqy <mfeqy@youxel.com> | C73: =C57 -> 64 | D73: =D57 -> 85 | E73: =E57 -> 0 | F73: =C73/(D73+E73) -> 0.75294118 | G73: =G57 -> 70 | H73: =D73/G73 -> 1.2142857
B74: Grand Total | C74: =SUM(C71:C73) -> 184 | D74: =SUM(D71:D73) -> 252 | E74: =SUM(E71:E73) -> 10 | F74: =C74/(D74+E74) -> 0.70229008 | G74: =SUM(G71:G73) -> 189 | H74: =D74/G74 -> 1.3333333 | S74: Resolved | T74: Grand Total
T75: 4
B76: Row Labels | C76: Sum of Original Estimate | D76: Sum of Completed Work | E76: Sum of Remaining Work | F76: Performance Rate | G76: Capacity | H76: Utilization Per Staff | T76: 20
B77: Alaa Ezzat <aezzat@youxel.com> | C77: =C52 -> 56.5 | D77: =D52 -> 90 | E77: =E52 -> 9 | F77: =C77/(D77+E77) -> 0.57070707 | G77: =G52 -> 63 | H77: =D77/G77 -> 1.4285714 | T77: 3
B78: Enas Diab <ediab@youxel.com> | C78: =C53 -> 12 | D78: =D53 -> 14 | E78: =E53 -> 1 | F78: =C78/(D78+E78) -> 0.8 | G78: =G53 -> 36 | H78: =D78/G78 -> 0.38888889 | S78: 1 | T78: 30
B79: Hussein Abdallah <habdallah@youxel.com> | C79: =C55 -> 48 | D79: =D55 -> 77 | E79: =E55 -> 0.5 | F79: =C79/(D79+E79) -> 0.61935484 | G79: =G55 -> 70 | H79: =D79/G79 -> 1.1 | T79: 14
B80: Mohamed Mustafa Farrag <mfarrag@youxel.com> | C80: =C59 -> 49 | D80: =D59 -> 31 | E80: =E59 -> 18.5 | F80: =C80/(D80+E80) -> 0.98989899 | G80: =G59 -> 49 | H80: =D80/G80 -> 0.63265306 | T80: 17
B81: Grand Total | C81: =SUM(C77:C80) -> 165.5 | D81: =SUM(D77:D80) -> 212 | E81: =SUM(E77:E80) -> 29 | F81: =C81/(D81+E81) -> 0.68672199 | G81: =SUM(G77:G80) -> 218 | H81: =D81/G81 -> 0.97247706 | T81: 11
T82: 19
B83: Row Labels | C83: Sum of Original Estimate | D83: Sum of Completed Work | E83: Sum of Remaining Work | F83: Performance Rate | G83: Capacity | H83: Utilization Per Staff | T83: 14
B84: Galal Torkey <gtorkey@youxel.com> | C84: =C54 -> 97 | D84: =D54 -> 99.5 | E84: =E54 -> 7 | F84: =C84/(D84+E84) -> 0.91079812 | G84: =G54 -> 70 | H84: =D84/G84 -> 1.4214286 | T84: 16
B85: Grand Total | C85: =SUM(C84:C84) -> 97 | D85: =SUM(D84:D84) -> 99.5 | E85: =SUM(E84:E84) -> 7 | F85: =C85/(D85+E85) -> 0.91079812 | G85: =SUM(G84:G84) -> 70 | H85: =D85/G85 -> 1.4214286 | T85: 24
S86: 1 | T86: 172
B87: Team | C87: Sum of Original Estimate | D87: Sum of Completed Work | E87: Sum of Remaining Work | F87: Performance Rate | G87: Capacity | H87: Utilization Per Staff | O87: Team | P87: Performance Rate | Q87: Utilization Per Staff
B88: Design | C88: =C68 -> 219.5 | D88: =D68 -> 312.46 | E88: =E68 -> 19.5 | F88: =C88/(D88+E88) -> 0.66122424 | G88: =G68 -> 203 | H88: =D88/G88 -> 1.5392118 | O88: Design | P88: =F88 -> 0.66122424 | Q88: =H88 -> 1.5392118
B89: Development | C89: =C74 -> 184 | D89: =D74 -> 252 | E89: =E74 -> 10 | F89: =C89/(D89+E89) -> 0.70229008 | G89: =G74 -> 189 | H89: =D89/G89 -> 1.3333333 | O89: Development | P89: =F89 -> 0.70229008 | Q89: =H89 -> 1.3333333
B90: Front End | C90: =C81 -> 165.5 | D90: =D81 -> 212 | E90: =E81 -> 29 | F90: =C90/(D90+E90) -> 0.68672199 | G90: =G81 -> 218 | H90: =D90/G90 -> 0.97247706 | O90: Front End | P90: =F90 -> 0.68672199 | Q90: =H90 -> 0.97247706
B91: Testing | C91: =C85 -> 97 | D91: =D85 -> 99.5 | E91: =E85 -> 7 | F91: =C91/(D91+E91) -> 0.91079812 | G91: =G85 -> 70 | H91: =D91/G91 -> 1.4214286 | O91: Testing | P91: =F91 -> 0.91079812 | Q91: =H91 -> 1.4214286
B92: Grand Total | C92: =SUM(C88:C91) -> 666 | D92: =SUM(D88:D91) -> 875.96 | E92: =SUM(E88:E91) -> 65.5 | F92: =C92/(D92+E92) -> 0.70741189 | G92: =SUM(G88:G91) -> 680 | H92: =D92/G92 -> 1.2881765 | O92: Grand Total | P92: =F92 -> 0.70741189 | Q92: =H92 -> 1.2881765
B94: Row Labels | C94: Active | D94: Closed | E94: Done | F94: In Development | G94: In Review | H94: New | I94: On Hold | J94: Ready For Review | K94: Resolved | L94: Grand Total | M94: Done Tasks % | O94: Row Labels | P94: Grand Total | Q94: Done Tasks %
B95: Ahmed Talaat <atalaat@youxel.com> | E95: 4 | L95: =SUM(C95:K95) -> 4 | M95: =(D95+E95+G95+I95+J95+K95)/L95 -> 1 | O95: Ahmed Talaat <atalaat@youxel.com> | P95: =L95 -> 4 | Q95: =M95 -> 1
B96: Alaa Ezzat <aezzat@youxel.com> | E96: 12 | F96: 4 | I96: 1 | J96: 3 | L96: =SUM(C96:K96) -> 20 | M96: =(D96+E96+G96+I96+J96+K96)/L96 -> 0.8 | O96: Alaa Ezzat <aezzat@youxel.com> | P96: =L96 -> 20 | Q96: =M96 -> 0.8
B97: Enas Diab <ediab@youxel.com> | E97: 3 | L97: =SUM(C97:K97) -> 3 | M97: =(D97+E97+G97+I97+J97+K97)/L97 -> 1 | O97: Enas Diab <ediab@youxel.com> | P97: =L97 -> 3 | Q97: =M97 -> 1
B98: Galal Torkey <gtorkey@youxel.com> | D98: 5 | E98: 23 | H98: 1 | K98: 1 | L98: =SUM(C98:K98) -> 30 | M98: =(D98+E98+G98+I98+J98+K98)/L98 -> 0.96666667 | O98: Galal Torkey <gtorkey@youxel.com> | P98: =L98 -> 30 | Q98: =M98 -> 0.96666667
B99: Hussein Abdallah <habdallah@youxel.com> | E99: 12 | J99: 2 | L99: =SUM(C99:K99) -> 14 | M99: =(D99+E99+G99+I99+J99+K99)/L99 -> 1 | O99: Hussein Abdallah <habdallah@youxel.com> | P99: =L99 -> 14 | Q99: =M99 -> 1
B100: Mahmoud Adel Ali <madeel@youxel.com> | E100: 17 | L100: =SUM(C100:K100) -> 17 | M100: =(D100+E100+G100+I100+J100+K100)/L100 -> 1 | O100: Mahmoud Adel Ali <madeel@youxel.com> | P100: =L100 -> 17 | Q100: =M100 -> 1
B101: Mahmoud Ibrahim Elfeqy <mfeqy@youxel.com> | E101: 11 | L101: =SUM(C101:K101) -> 11 | M101: =(D101+E101+G101+I101+J101+K101)/L101 -> 1 | O101: Mahmoud Ibrahim Elfeqy <mfeqy@youxel.com> | P101: =L101 -> 11 | Q101: =M101 -> 1
B102: Mariam Mohamed Saeed <msaeed@youxel.com> | C102: 1 | E102: 13 | H102: 3 | J102: 2 | L102: =SUM(C102:K102) -> 19 | M102: =(D102+E102+G102+I102+J102+K102)/L102 -> 0.78947368 | O102: Mariam Mohamed Saeed <msaeed@youxel.com> | P102: =L102 -> 19 | Q102: =M102 -> 0.78947368
B103: Mohamed Mustafa Farrag <mfarrag@youxel.com> | E103: 7 | H103: 5 | J103: 2 | L103: =SUM(C103:K103) -> 14 | M103: =(D103+E103+G103+I103+J103+K103)/L103 -> 0.64285714 | O103: Mohamed Mustafa Farrag <mfarrag@youxel.com> | P103: =L103 -> 14 | Q103: =M103 -> 0.64285714
B104: Salma Sameh <ssameh@youxel.com> | E104: 16 | L104: =SUM(C104:K104) -> 16 | M104: =(D104+E104+G104+I104+J104+K104)/L104 -> 1 | O104: Salma Sameh <ssameh@youxel.com> | P104: =L104 -> 16 | Q104: =M104 -> 1
B105: Shimaa Mohamed Elsayed <shhadad@youxel.com> | E105: 12 | J105: 12 | L105: =SUM(C105:K105) -> 24 | M105: =(D105+E105+G105+I105+J105+K105)/L105 -> 1 | O105: Shimaa Mohamed Elsayed <shhadad@youxel.com> | P105: =L105 -> 24 | Q105: =M105 -> 1
B106: Grand Total | C106: =SUM(C95:C105) -> 1 | D106: =SUM(D95:D105) -> 5 | E106: =SUM(E95:E105) -> 130 | F106: =SUM(F95:F105) -> 4 | G106: =SUM(G95:G105) -> 0 | H106: =SUM(H95:H105) -> 9 | I106: =SUM(I95:I105) -> 1 | J106: =SUM(J95:J105) -> 21 | ... L106: =SUM(L95:L105) -> 172 | M106: =(D106+E106+G106+I106+J106+K106)/L106 -> 0.91860465 | O106: Grand Total | P106: =L106 -> 172 | Q106: =M106 -> 0.91860465
B108: Row Labels | C108: Active | D108: Closed | E108: Done | F108: In Development | G108: In Review | H108: New | I108: On Hold | J108: Ready For Review | K108: Resolved | L108: Grand Total | M108: Done Tasks %
B109: Mariam Mohamed Saeed <msaeed@youxel.com> | C109: =C102 -> 1 | D109: =D102 -> 0 | E109: =E102 -> 13 | F109: =F102 -> 0 | G109: =G102 -> 0 | H109: =H102 -> 3 | I109: =I102 -> 0 | J109: =J102 -> 2 | ... L109: =L102 -> 19 | M109: =(D109+E109+G109+I109+J109+K109)/L109 -> 0.78947368
B110: Salma Sameh <ssameh@youxel.com> | C110: =C104 -> 0 | D110: =D104 -> 0 | E110: =E104 -> 16 | F110: =F104 -> 0 | G110: =G104 -> 0 | H110: =H104 -> 0 | I110: =I104 -> 0 | J110: =J104 -> 0 | ... L110: =L104 -> 16 | M110: =(D110+E110+G110+I110+J110+K110)/L110 -> 1
B111: Shimaa Mohamed Elsayed <shhadad@youxel.com> | C111: =C105 -> 0 | D111: =D105 -> 0 | E111: =E105 -> 12 | F111: =F105 -> 0 | G111: =G105 -> 0 | H111: =H105 -> 0 | I111: =I105 -> 0 | J111: =J105 -> 12 | ... L111: =L105 -> 24 | M111: =(D111+E111+G111+I111+J111+K111)/L111 -> 1
...

Sheet CMMI Template
B2: Measure | C2: Description | D2: Calculation | E2: Frequency | F2: Target Range | G2: Check Now 25.9 | H2: Check Now 25.10 | I2: Check Now 25.11 | J2: Check Now 25.12 | K2: Check Now 25.13 | L2: Check Now 25.14 | M2: Check Now 26.15 | N2: Check Now 26.16 | O2: Check Now 26.17
B3: Completion rate | C3: Measures the difference between the actual done story points VS. the Planned story points | D3: Actual SP / Planned SP | E3: Sprint | F3: +90% | G3: 0.356 | H3: 0.3196 | I3: 0.5841 | J3: 0.5806 | K3: 0.5493 | L3: 0.2984 | M3: 1.1233 | N3: 0.7213 | O3: 1.7895
B4: Effort estimation accuracy percentage | C4: Total Planned Development hours / Total Actual Development Hours | D4: Sum Total Planned hours/Total Actual Dev. Effort) | E4: Sprint | F4: 90% - till 120% | G4: 1.285 | H4: 1.1933 | I4: 1.1634 | J4: 0.9682 | K4: 0.7974 | L4: 0.9929 | M4: 0.769 | N4: 0.8453 | O4: 0.7332
B5: Project Rework Rate | C5: Project Calculate man hours used in fixing the bugs returned from testing compared to the total actual dev. hours. | D5: Bug Fixing Actual Effort /Total Actual Dev. Effort) *100 | E5: Sprint | F5: 0% – 10% | G5: 0 | H5: 0 | I5: 0 | J5: 0 | K5: 0 | L5: 0 | M5: 0.0226 | N5: 0.0092 | O5: 0.0026
B6: Escaped Bugs | C6: defects that bypass one or more testing or quality assurance stages and are later post released | D6: Number of bypass one or more testing or quality assurance stages | E6: Sprint / release | F6: 2% -15% | G6: 0 bugs | H6: 0 bugs | I6: 0 bugs | J6: 0 bugs | K6: 0 bugs | L6: 0 bugs | M6: 0 bugs | N6: 0 bugs | O6: 0 bugs
B7: utilization | C7: This measure is related to the Actual effort VS. working hours | D7: (Sum of Actual hours / Sum working hours) *100 | E7: Sprint | F7: (90%-100% | G7: 0.835 | H7: 1.3187 | I7: 1.2899 | J7: 1.1803 | K7: 1.2315 | L7: 1.3252 | M7: 1.0593 | N7: 1.1864 | O7: 1.2882
B8: Dev. Effort Variance | C8: Calculate the variance of the estimated dev. Hours compared to the total actual dev. hours. | D8: ((Total Actual Dev. Effort - Estimated Dev. Effort)/ Estimated Dev. Effort )*100 | E8: Sprint | F8: 5 – 10% | G8: −22.2% | H8: −16.20% | I8: −14.05% | J8: 0.0328 | K8: 0.254 | L8: 0.0072 | M8: 0.3004 | N8: 0.1828 | O8: 0.364

Sheet  CMMI Productivity
B2: Sprint Name: Check Now 26.17
B3: Date: 25 JAN to 05 FEB
B5: CMMI Productivity
B6: Team member | C6: Team | D6: Total Expected Working Hours per Sprint | E6: Total official vacation | F6: Total personal Days Off | G6: Remaining Capacity | H6: Total orignal estimation | I6: Total working hours | J6: Actual productivity | K6: Productivity Index
B7: Ahmed Talaat <atalaat@youxel.com> | C7: Development | D7: ='Check Now 26.17 Analysis'!D239 -> 70 | E7: ='Check Now 26.17 Analysis'!E239 -> 0 | F7: ='Check Now 26.17 Analysis'!F239 -> 1 | G7: ='Check Now 26.17 Analysis'!G239 -> 63 | H7: ='Check Now 26.17 Analysis'!H239 -> 26 | I7: ='Check Now 26.17 Analysis'!I239 -> 63 | J7: =I7/G7 -> 1 | K7: =I7/H7 -> 2.4230769
B8: Alaa Ezzat <aezzat@youxel.com> | C8: Frontend | D8: ='Check Now 26.17 Analysis'!D240 -> 70 | E8: ='Check Now 26.17 Analysis'!E240 -> 0 | F8: ='Check Now 26.17 Analysis'!F240 -> 1 | G8: ='Check Now 26.17 Analysis'!G240 -> 63 | H8: ='Check Now 26.17 Analysis'!H240 -> 56.5 | I8: ='Check Now 26.17 Analysis'!I240 -> 90 | J8: =I8/G8 -> 1.4285714 | K8: =I8/H8 -> 1.5929204
B9: Enas Diab <ediab@youxel.com> | C9: Frontend | D9: ='Check Now 26.17 Analysis'!D241 -> 40 | E9: ='Check Now 26.17 Analysis'!E241 -> 0 | F9: ='Check Now 26.17 Analysis'!F241 -> 1 | G9: ='Check Now 26.17 Analysis'!G241 -> 36 | H9: ='Check Now 26.17 Analysis'!H241 -> 12 | I9: ='Check Now 26.17 Analysis'!I241 -> 14 | J9: =I9/G9 -> 0.38888889 | K9: =I9/H9 -> 1.1666667
B10: Galal Torkey <gtorkey@youxel.com> | C10: Testing | D10: ='Check Now 26.17 Analysis'!D242 -> 70 | E10: ='Check Now 26.17 Analysis'!E242 -> 0 | F10: ='Check Now 26.17 Analysis'!F242 -> 0 | G10: ='Check Now 26.17 Analysis'!G242 -> 70 | H10: ='Check Now 26.17 Analysis'!H242 -> 97 | I10: ='Check Now 26.17 Analysis'!I242 -> 99.5 | J10: =I10/G10 -> 1.4214286 | K10: =I10/H10 -> 1.0257732
B11: Hussein Abdallah <habdallah@youxel.com> | C11: Frontend | D11: ='Check Now 26.17 Analysis'!D243 -> 70 | E11: ='Check Now 26.17 Analysis'!E243 -> 0 | F11: ='Check Now 26.17 Analysis'!F243 -> 0 | G11: ='Check Now 26.17 Analysis'!G243 -> 70 | H11: ='Check Now 26.17 Analysis'!H243 -> 48 | I11: ='Check Now 26.17 Analysis'!I243 -> 77 | J11: =I11/G11 -> 1.1 | K11: =I11/H11 -> 1.6041667
B12: Mahmoud Adel Ali <madeel@youxel.com> | C12: Development | D12: ='Check Now 26.17 Analysis'!D244 -> 70 | E12: ='Check Now 26.17 Analysis'!E244 -> 0 | F12: ='Check Now 26.17 Analysis'!F244 -> 2 | G12: ='Check Now 26.17 Analysis'!G244 -> 56 | H12: ='Check Now 26.17 Analysis'!H244 -> 94 | I12: ='Check Now 26.17 Analysis'!I244 -> 104 | J12: =I12/G12 -> 1.8571429 | K12: =I12/H12 -> 1.106383
B13: Mahmoud Ibrahim Elfeqy <mfeqy@youxel.com> | C13: Development | D13: ='Check Now 26.17 Analysis'!D245 -> 70 | E13: ='Check Now 26.17 Analysis'!E245 -> 0 | F13: ='Check Now 26.17 Analysis'!F245 -> 0 | G13: ='Check Now 26.17 Analysis'!G245 -> 70 | H13: ='Check Now 26.17 Analysis'!H245 -> 64 | I13: ='Check Now 26.17 Analysis'!I245 -> 85 | J13: =I13/G13 -> 1.2142857 | K13: =I13/H13 -> 1.328125
B14: Mohamed Mustafa Farrag <mfarrag@youxel.com> | C14: Frontend | D14: ='Check Now 26.17 Analysis'!D246 -> 70 | E14: ='Check Now 26.17 Analysis'!E246 -> 0 | F14: ='Check Now 26.17 Analysis'!F246 -> 0 | G14: ='Check Now 26.17 Analysis'!G246 -> 70 | H14: ='Check Now 26.17 Analysis'!H246 -> 64 | I14: ='Check Now 26.17 Analysis'!I246 -> 111.83 | J14: =I14/G14 -> 1.5975714 | K14: =I14/H14 -> 1.7473437
B15: Salma Sameh <ssameh@youxel.com> | C15: Design | D15: ='Check Now 26.17 Analysis'!D247 -> 70 | E15: ='Check Now 26.17 Analysis'!E247 -> 0 | F15: ='Check Now 26.17 Analysis'!F247 -> 3 | G15: ='Check Now 26.17 Analysis'!G247 -> 49 | H15: ='Check Now 26.17 Analysis'!H247 -> 49 | I15: ='Check Now 26.17 Analysis'!I247 -> 31 | J15: =I15/G15 -> 0.63265306 | K15: =I15/H15 -> 0.63265306
B16: Shimaa Mohamed Elsayed <shhadad@youxel.com> | C16: Design | D16: ='Check Now 26.17 Analysis'!D248 -> 70 | E16: ='Check Now 26.17 Analysis'!E248 -> 0 | F16: ='Check Now 26.17 Analysis'!F248 -> 0 | G16: ='Check Now 26.17 Analysis'!G248 -> 70 | H16: ='Check Now 26.17 Analysis'!H248 -> 89 | I16: ='Check Now 26.17 Analysis'!I248 -> 109.92 | J16: =I16/G16 -> 1.5702857 | K16: =I16/H16 -> 1.2350562
B17: Grand Total | D17: =SUM(D7:D16) -> 670 | E17: =SUM(E7:E16) -> 0 | F17: =SUM(F7:F16) -> 8 | G17: =SUM(G7:G16) -> 617 | H17: =SUM(H7:H16) -> 599.5 | I17: =SUM(I7:I16) -> 785.25 | J17: =I17/G17 -> 1.2726904 | K17: =I17/H17 -> 1.3098415

Sheet Actual SP
B1: Sprint Name: Check Now 26.15 | L1: Sprint Name: Check Now 26.16 | V1: Sprint Name: Check Now 26.17
B2: EPIC | C2: Parent | D2: Work Item Type | E2: Title | F2: Story Points | G2: State | I2: CHECK UI Library | J2: =SUMIF(B3:G62,B20,(F3:F62)) -> 6 | L2: EPIC | M2: Parent | N2: Work Item Type | O2: Title | P2: Story Points | Q2: State | S2: CHECK UI Library | T2: =P3+P4+P5+P7 -> 12 | V2: EPIC | W2: Parent | X2: Work Item Type | Y2: Title | Z2: Story Points | AA2: State | AC2: CHECK UI Library | AD2: =Z3+Z4+Z5+Z6 -> 14
B3: Administration Module | C3: 241399 | D3: User Story | E3: Lookups Bulk Create | F3: 1 | G3: In Development | I3: Administration Module | J3: =SUMIF(B3:G63,B3,(F3:F63)) -> 13 | L3: CHECK UI Library | M3: 228373 | N3: User Story | O3: Select Button | P3: 3 | Q3: Done Development | S3: Administration Module | T3: =P27+P29+P31+P35+P36 -> 29 | V3: CHECK UI Library | W3: 260293 | X3: User Story | Y3: Breadcrumb Component | Z3: 3 | AA3: Ready for release | AC3: Administration Module | AD3: =+Z12+Z18+Z19+Z15 -> 16
B4: Administration Module | C4: 241399 | D4: User Story | E4: Administration Gateway | F4: 1 | G4: In Development | I4: Communication Module (Messages) | J4: =SUMIF(B3:G64,B36,(F3:F41)) -> 63 | L4: CHECK UI Library | M4: 260293 | N4: User Story | O4: Breadcrumb Component | P4: 3 | Q4: Ready For Review | S4: Communication Module (Messages) | T4: =P14 -> 3 | V4: CHECK UI Library | W4: 227974 | X4: User Story | Y4: Lottie Component | Z4: 3 | AA4: Ready for release | AC4: Communication Module (Messages) | AD4: =Z28+Z29+Z30+Z31+Z32+Z33+Z34+Z35+Z36+Z38+Z39+Z44+Z48+Z26+Z40 -> 72
B5: Administration Module | C5: 195967 | D5: User Story | E5: Set/Edit Company information | F5: 3 | G5: In Development | I5: Workflow Library | J5: 0 | L5: CHECK UI Library | M5: 227974 | N5: User Story | O5: Lottie Component | P5: 3 | Q5: Ready For Review | S5: Workflow Library | T5: 0 | V5: CHECK UI Library | W5: 228363 | X5: User Story | Y5: Input Switch Component | Z5: 5 | AA5: Ready for release | AC5: Workflow Library | AD5: 0
B6: Administration Module | C6: 195967 | D6: User Story | E6: Multitenancy | F6: 0 | G6: In Development | J6: =SUM(J2:J5) -> 82 | L6: CHECK UI Library | M6: 251864 | N6: User Story | O6: Org Chart Component | P6: 3 | Q6: In Development | T6: =SUM(T2:T5) -> 44 | V6: CHECK UI Library | W6: 228369 | X6: User Story | Y6: Galleria Component | Z6: 3 | AA6: Ready for release | AD6: =SUM(AD2:AD5) -> 102
B7: Administration Module | C7: 195968 | D7: User Story | E7: User should be able to manage location types | F7: 0 | G7: In Development | L7: CHECK UI Library | M7: 228369 | N7: User Story | O7: Galleria Component | P7: 3 | Q7: Ready For Review | V7: CHECK UI Library | W7: 255494 | X7: User Story | Y7: Table component | Z7: 3 | AA7: In Development
B8: Administration Module | C8: 195968 | D8: User Story | E8: User should be able to manage location subcategory | F8: 0 | G8: In Development | L8: CHECK UI Library | M8: 255494 | N8: User Story | O8: Table component | P8: 3 | Q8: In Development | V8: CHECK UI Library | W8: 227974 | X8: User Story | Y8: Design System Adjustments | Z8: 5 | AA8: Active
B9: Administration Module | C9: 195968 | D9: User Story | E9: User should be able to manage Location categories | F9: 0 | G9: In Development | L9: CHECK UI Library | M9: 227974 | N9: User Story | O9: Design System Adjustments | P9: 5 | Q9: Active | V9: Communication Module (Messages) | W9: 228964 | X9: User Story | Y9: Create Chat App | Z9: 8 | AA9: In Development
B10: Administration Module | C10: 195968 | D10: User Story | E10: User should be able to manage location importance | F10: 0 | G10: In Development | L10: CHECK UI Library | M10: 242852 | N10: User Story | O10: Tree Table component | P10: 3 | Q10: In Development | V10: Communication Module (Messages) | W10: 228960 | X10: User Story | Y10: As a user I can send text message in a conversation | Z10: 5 | AA10: In Development
B11: Administration Module | C11: 195968 | D11: User Story | E11: User should be able to manage location account | F11: 0 | G11: In Development | L11: Communication Module (Messages) | M11: 228964 | N11: User Story | O11: End-to-End (E2E) Scenarios Testing | P11: 0 | Q11: Released | V11: Communication Module (Messages) | W11: 228960 | X11: User Story | Y11: As a user I can see list of my conversations | Z11: 3 | AA11: In Development
B12: Administration Module | C12: 195968 | D12: User Story | E12: User should be able to view location tree (org chart) | F12: 0 | G12: In Development | L12: Communication Module (Messages) | M12: 228964 | N12: User Story | O12: Create Chat App | P12: 8 | Q12: In Development | V12: Communication Module (Messages) | W12: 228960 | X12: User Story | Y12: As a user I can start new conversation | Z12: 3 | AA12: Ready For Testing
B13: Administration Module | C13: 195968 | D13: User Story | E13: User should be able to view Locations List | F13: 0 | G13: In Development | L13: Communication Module (Messages) | M13: 228960 | N13: User Story | O13: As a user I can send text message in a conversation | P13: 5 | Q13: In Development | V13: Communication Module (Messages) | W13: 228960 | X13: User Story | Y13: As a user I can reply on any message | Z13: 5 | AA13: Ready For Review
B14: Administration Module | C14: 195968 | D14: User Story | E14: User should be able to add location optional information | F14: 0 | G14: In Development | L14: Communication Module (Messages) | M14: 228960 | N14: User Story | O14: As a user I can see list of my conversations | P14: 3 | Q14: In Bug Fixing | V14: Communication Module (Messages) | W14: 228960 | X14: User Story | Y14: As a user I can delete my messages | Z14: 3 | AA14: Done Development
B15: Administration Module | C15: 195968 | D15: User Story | E15: User should be able to view location details screen | F15: 0 | G15: In Development | L15: Communication Module (Messages) | M15: 228960 | N15: User Story | O15: As a user I can reply on any message | P15: 5 | Q15: In Development | V15: Communication Module (Messages) | W15: 228960 | X15: User Story | Y15: As a user I can mark message as unread | Z15: 5 | AA15: Ready For Testing
B16: Administration Module | C16: 195968 | D16: User Story | E16: User should be able to search for location by (name/shortcode) | F16: 3 | G16: New | L16: Communication Module (Messages) | M16: 228960 | N16: User Story | O16: As a user I can react on any message | P16: 3 | Q16: In Development | V16: Communication Module (Messages) | W16: 228960 | X16: User Story | Y16: As a user I can send attachment in a conversation | Z16: 5 | AA16: In Development
B17: Administration Module | C17: 195968 | D17: User Story | E17: User should be able to delete parent location | F17: 0 | G17: In Development | L17: Communication Module (Messages) | M17: 228960 | N17: User Story | O17: As a user I can mark message as unread | P17: 5 | Q17: In Development | V17: Communication Module (Messages) | W17: 228960 | X17: User Story | Y17: As a user I can forward a message | Z17: 5 | AA17: In Development
B18: Administration Module | C18: 195968 | D18: User Story | E18: User should be able to move location from one parent to another | F18: 0 | G18: In Development | L18: Communication Module (Messages) | M18: 228960 | N18: User Story | O18: As a user I can edit my messages | P18: 3 | Q18: In Development | V18: Communication Module (Messages) | W18: 228960 | X18: User Story | Y18: As a user I can search in the conversation for certain message (Full screen) | Z18: 5 | AA18: Ready For Testing
... B41: Communication Module (Messages) | C41: 228960 | D41: User Story | E41: As a user I can pin a message | F41: 5 | G41: In Development | L41: Learning, Development, and Process Improvement | M41: 260486 | N41: User Story | O41: CMMI Reports | P41: 0 | Q41: Released | V41: Administration Module | W41: 195968 | X41: User Story | Y41: User should be able to delete parent location | Z41: 3 | AA41: In Development
L42: Meetings & Support | M42: 247821 | N42: User Story | O42: Meeting logs iteration 26.16 | P42: 0 | Q42: Released | V42: Administration Module | W42: 195968 | X42: User Story | Y42: User should be able to move sub-locations from one parent to another | Z42: 5 | AA42: In Development
V43: Administration Module | W43: 195968 | X43: User Story | Y43: User should be able to activate/deactivate Location | Z43: 3 | AA43: Ready For Review
V44: Administration Module | W44: 195968 | X44: User Story | Y44: User should be able to handle location translation | Z44: 5 | AA44: Ready For Testing
V45: Administration Module | W45: 195968 | X45: User Story | Y45: User should be able to delete sub location | Z45: 3 | AA45: In Development
V46: Administration Module | W46: 195969 | X46: User Story | Y46: Manage KPI Indicators (CRUD + Localization) | Z46: 5 | AA46: In Development
V47: Administration Module | W47: 195969 | X47: User Story | Y47: Kpi Definistion Form | Z47: 5 | AA47: Ready For Review
V48: Administration Module | W48: 195969 | X48: User Story | Y48: Kpi Definisions View | Z48: 5 | AA48: Ready For Testing
V49: Workflow Library | W49: 193289 | X49: User Story | Y49: Create Workflow System | Z49: 5 | AA49: In Development
V50: Learning, Development, and Process Improvement | W50: 240010 | X50: User Story | Y50: Automation Testing Cycle | Z50: 0 | AA50: Active
V51: Learning, Development, and Process Improvement | W51: 260486 | X51: User Story | Y51: CMMI Reports | Z51: 0 | AA51: Released
V52: Meetings & Support | W52: 247821 | X52: User Story | Y52: Meeting logs iteration 26.17 | Z52: 0 | AA52: Released
